Order_Items_id,Order_id,Product_id,Quantity,Sales,Profit
101,1,1,4,3640,348.93
102,2,2,7,1197,106.53
103,3,3,5,5865,502.73
104,4,2,2,786,202.87
105,5,2,1,509,103.28
106,6,4,1,524,106.35
107,7,5,7,6167,1027.98
108,8,4,7,3059,873.5
109,9,6,9,5526,595.28
110,10,1,8,672,186.37
111,11,7,6,7074,1357.68
112,12,6,2,502,137.4
113,13,3,7,7462,2166.17
114,14,8,5,4205,585.29
115,15,4,1,570,138.54
116,16,5,1,441,102.42
117,17,2,7,7469,589.81
118,18,3,2,2212,145.75
119,19,3,5,740,146.39
120,20,5,1,662,193.92
121,21,2,7,5712,651.27
122,22,6,3,2739,572.73
123,23,9,5,1400,213.63
124,24,1,3,3477,939.2
125,25,4,5,3475,570.36
126,26,10,9,6138,1562.14
127,27,4,5,3665,406.93
128,28,1,2,2372,206.42
129,29,10,2,1382,211.11
130,30,10,1,1126,194.08
131,31,1,8,1376,152.1
132,32,2,4,988,147.91
133,33,10,9,10773,1907.36
134,34,5,4,3252,713.46
135,35,5,3,2739,202.81
136,36,3,7,2709,702.79
137,37,1,3,936,201.24
138,38,4,4,3720,410.92
139,39,2,5,5320,716.91
140,40,5,4,804,121.51
141,41,10,8,1224,246.77
142,42,5,9,8667,781.78
143,43,7,3,3018,320.11
144,44,10,5,4325,1023.39
145,45,10,3,1557,181.08
146,46,7,6,3672,1002.5
147,47,2,1,333,72.34
148,48,5,4,2384,577.26
149,49,2,6,888,210.39
150,50,10,5,3280,954.17
151,51,2,7,1239,177.39
152,52,5,8,5880,436.85
153,53,8,2,1668,437.3
154,54,1,7,4109,1037.64
155,55,6,7,595,148.5
156,56,5,7,8155,1587.91
157,57,7,3,1872,553.1
158,58,6,6,2124,126.03
159,59,7,5,5210,1338.8
160,60,2,7,5761,362.48
161,61,5,7,6895,1596.35
162,62,6,3,2118,317.08
163,63,6,5,830,58.28
164,64,6,1,851,93.56
165,65,3,5,4730,1365.63
166,66,2,6,5460,845.75
167,67,5,5,5795,310.6
168,68,10,4,2008,338.44
169,69,2,7,2842,425.24
170,70,2,4,3404,392.22
171,71,6,1,1065,228.63
172,72,3,7,2149,121.69
173,73,9,8,5912,1143.04
174,74,2,3,3348,331.28
175,75,8,3,2409,531.79
176,76,3,2,328,39.51
177,77,8,8,6224,1561.42
178,78,6,5,2530,486.09
179,79,5,4,4108,462.17
180,80,1,5,1640,391.36
181,81,10,1,111,19.33
182,82,5,1,445,128.89
183,83,1,4,3600,623.72
184,84,2,3,1335,176.44
185,85,9,5,3090,242.15
186,86,1,5,3910,538.52
187,87,4,1,219,32.67
188,88,8,5,390,27.77
189,89,10,6,3294,359.61
190,90,9,4,4572,1038.05
191,91,7,7,980,109.94
192,92,5,2,2262,532.12
193,93,4,7,7518,1655.91
194,94,4,1,873,158.97
195,95,2,6,1512,423.03
196,96,10,1,705,165.16
197,97,6,8,3256,533.7
198,98,3,4,556,81.77
199,99,2,9,7101,2105.82
200,100,10,9,8802,1344.96
201,101,5,6,5592,1294.16
202,102,3,2,1852,168.92
203,103,7,1,195,57.88
204,104,2,9,7884,2054.02
205,105,10,5,4360,1160.55
206,106,2,6,4920,929.18
207,107,2,3,3474,565
208,108,9,1,930,222.5
209,109,3,7,1421,248.02
210,110,5,2,634,161.1
211,111,4,1,673,114.42
212,112,2,5,3135,787.7
213,113,8,6,882,184.48
214,114,8,4,1192,212.77
215,115,1,3,390,112.08
216,116,3,1,834,95.54
217,117,8,6,612,83.75
218,118,5,9,8073,710.23
219,119,9,8,2640,723.88
220,120,8,3,3234,440.7
221,121,7,5,4435,355.51
222,122,6,2,2302,305.07
223,123,4,6,1728,307.44
224,124,10,4,228,54.05
225,125,3,6,3450,705.74
226,126,8,8,7456,1702.48
227,127,8,6,4728,705.85
228,128,6,7,945,124.62
229,129,10,4,296,65.05
230,130,8,4,640,149.89
231,131,3,1,797,65.27
232,132,7,4,1456,431.89
233,133,7,6,4038,364.11
234,134,3,7,5656,355.81
235,135,2,4,3876,302.37
236,136,9,6,1002,114.7
237,137,5,9,2187,413.76
238,138,2,6,7146,1627.42
239,139,9,1,189,14.88
240,140,7,5,940,266.02
241,141,5,1,951,127.58
242,142,1,2,124,27.42
243,143,2,9,7506,594.28
244,144,7,7,8176,2308.76
245,145,8,5,2125,632.68
246,146,5,1,967,59.98
247,147,5,5,270,29.41
248,148,9,9,10035,1486.3
249,149,1,8,6792,1125.23
250,150,1,1,714,99.13
251,151,8,5,765,157.64
252,152,5,7,4221,358.02
253,153,10,4,2108,576.48
254,154,7,9,10530,2387.63
255,155,9,6,3396,914.17
256,156,7,4,1060,213.05
257,157,3,5,480,73.07
258,158,5,3,2529,285.65
259,159,6,8,4792,511.97
260,160,6,8,8056,605.8
261,161,3,4,4228,947.76
262,162,3,1,653,93.78
263,163,3,9,7452,1212.51
264,164,2,4,4128,1156.71
265,165,3,5,5090,1201.56
266,166,4,5,4930,387.33
267,167,6,6,2610,434.37
268,168,10,3,2139,415.84
269,169,3,1,226,55.4
270,170,6,2,2244,212.08
271,171,7,6,3150,578.87
272,172,10,7,3388,347.19
273,173,10,8,8736,580.31
274,174,8,2,1102,176.53
275,175,7,3,2640,199.97
276,176,1,3,2547,300.74
277,177,10,7,728,64.82
278,178,4,7,3444,607.44
279,179,4,5,3140,853.66
280,180,8,3,435,129.27
281,181,9,4,856,72.99
282,182,1,2,112,23.33
283,183,5,3,2247,507.79
284,184,9,2,1512,298.73
285,185,2,5,4915,1196.6
286,186,2,3,2709,663.54
287,187,3,7,1239,118.36
288,188,3,2,572,86.16
289,189,6,2,1708,93.25
290,190,6,4,360,42.66
291,191,4,6,3822,388.34
292,192,4,6,4680,932.97
293,193,4,5,2520,487.18
294,194,6,2,2138,619.29
295,195,9,3,2529,169.6
296,196,9,1,236,29.33
297,197,3,6,2730,636.48
298,198,5,3,3021,872.49
299,199,6,2,244,16.78
300,200,4,8,728,120.06
301,201,2,3,453,89.49
302,202,10,1,379,84.38
303,203,3,3,2130,510.69
304,204,7,8,4120,710.11
305,205,6,7,3150,299.7
306,206,6,7,2688,603.07
307,207,3,2,1752,501.19
308,208,9,7,7308,948.4
309,209,3,3,2007,160.84
310,210,3,7,7224,479.23
311,211,7,9,6939,1249.31
312,212,8,7,5516,1475.67
313,213,1,2,2224,116.47
314,214,10,5,3985,824.4
315,215,4,7,2723,638.26
316,216,3,2,746,170.75
317,217,10,5,3170,245.25
318,218,6,5,550,63.11
319,219,3,8,480,132.45
320,220,1,4,3284,354.4
321,221,6,2,1748,183.75
322,222,5,8,824,240.84
323,223,5,4,1872,448.46
324,224,3,3,627,103.98
325,225,4,9,5661,1104.02
326,226,4,3,2910,765.47
327,227,3,9,9036,1087.46
328,228,3,5,4815,338.31
329,229,2,1,1187,206.28
330,230,5,3,3339,732.92
331,231,3,1,620,165.43
332,232,4,5,2025,414.42
333,233,1,5,3030,811.92
334,234,6,5,655,166.69
335,235,1,2,2238,294.54
336,236,8,8,3312,811.31
337,237,1,9,9387,1271.64
338,238,2,6,5790,1285.21
339,239,10,6,2700,527.97
340,240,6,8,2072,555.06
341,241,9,3,2991,716.54
342,242,10,6,5568,958.59
343,243,6,7,5509,1648.74
344,244,1,7,5922,1323.1
345,245,8,4,4380,362.81
346,246,3,5,1760,272.68
347,247,5,9,5571,1523.81
348,248,3,2,1082,182.1
349,249,4,1,569,138.11
350,250,2,8,3416,697.42
351,251,1,1,570,57.07
352,252,7,6,3300,386.92
353,253,10,8,2584,568.77
354,254,7,9,7650,2204.44
355,255,5,8,3600,272.51
356,256,7,6,846,190.87
357,257,8,1,51,9.36
358,258,6,6,7056,586.91
359,259,6,2,384,38.41
360,260,10,8,2928,663.54
361,261,4,7,1904,352.86
362,262,3,2,2314,312.07
363,263,1,4,1028,192.13
364,264,5,9,8307,1326.23
365,265,1,9,1539,203.54
366,266,3,7,2506,537.98
367,267,8,6,5778,1232.54
368,268,3,9,10188,2165.78
369,269,7,1,952,157.7
370,270,6,8,3624,750.86
371,271,9,8,7968,1551.12
372,272,2,2,1254,250.09
373,273,1,3,705,196.05
374,274,2,1,916,223.5
375,275,1,2,848,129.96
376,276,7,8,2240,313.17
377,277,7,1,940,120.35
378,278,5,5,1550,203.51
379,279,9,7,2352,256.4
380,280,6,9,1638,183.75
381,281,4,6,7164,1442.72
382,282,2,1,205,54.54
383,283,9,2,766,49.23
384,284,9,1,168,17.84
385,285,2,1,1058,207.55
386,286,9,5,1455,423.81
387,287,4,2,2224,364.04
388,288,8,7,1400,80.49
389,289,8,7,7567,2213.18
390,290,3,6,3396,987.68
391,291,6,2,704,135.63
392,292,3,9,7767,2172.19
393,293,2,5,2050,157.13
394,294,7,9,10458,2799.48
395,295,4,4,4700,619.26
396,296,8,2,892,222.51
397,297,10,8,6968,1479.09
398,298,10,7,1344,300.88
399,299,4,1,354,65.99
400,300,7,3,3051,662.23
401,301,4,3,402,106.87
402,302,7,5,3570,517.82
403,303,9,7,3829,876.35
404,304,2,7,4676,242.64
405,305,9,3,1119,317.36
406,306,8,4,4228,764.3
407,307,5,8,1240,251.2
408,308,9,9,3591,342.18
409,309,1,8,3952,451.08
410,310,9,6,3648,1050.08
411,311,7,5,3875,768.74
412,312,6,8,3416,478.9
413,313,3,1,908,222.58
414,314,5,4,4532,987.32
415,315,5,4,4168,650.15
416,316,10,3,3543,941.37
417,317,10,6,5124,1078.57
418,318,6,9,5751,1196.23
419,319,4,2,624,139.64
420,320,4,1,508,151.29
421,321,5,4,4700,914.6
422,322,9,8,3216,639.78
423,323,10,6,2844,581
424,324,8,5,2385,258.6
425,325,7,8,928,170.05
426,326,5,6,4656,673.35
427,327,5,2,330,21.46
428,328,4,7,1799,274.11
429,329,1,1,1029,173.61
430,330,5,8,5432,1619.39
431,331,4,5,5785,1191.11
432,332,1,1,1062,272.42
433,333,9,1,163,22.07
434,334,8,9,9162,1625.62
435,335,1,4,1440,130.24
436,336,7,5,1465,149.62
437,337,7,2,366,31.23
438,338,4,5,3135,277.28
439,339,9,2,630,161.04
440,340,7,1,213,42.94
441,341,7,4,3792,1092.85
442,342,2,2,1932,109.07
443,343,9,4,4152,317.28
444,344,8,7,3612,529.57
445,345,8,2,2258,280.76
446,346,4,3,594,47.73
447,347,5,7,8071,1799.06
448,348,9,7,5838,631.45
449,349,9,4,692,181.31
450,350,9,3,1704,309.06
451,351,1,5,3235,941.24
452,352,2,6,4746,545.57
453,353,6,8,7600,788.88
454,354,8,5,1935,128.01
455,355,10,3,1638,306.29
456,356,9,7,4746,816.6
457,357,8,8,4824,1187.93
458,358,4,1,1193,153.72
459,359,10,2,562,92.94
460,360,8,8,6200,1296.84
461,361,1,8,4128,315.48
462,362,1,5,5405,326.56
463,363,10,3,1371,104.66
464,364,9,5,1405,194.33
465,365,9,3,1644,158.32
466,366,2,6,3414,396.92
467,367,10,8,3272,674.57
468,368,8,3,2655,646.91
469,369,6,7,1673,458.32
470,370,3,2,846,145.09
471,371,8,1,985,196.64
472,372,6,9,7551,894.4
473,373,3,5,855,217.16
474,374,4,2,396,94.55
475,375,3,8,2296,560.48
476,376,7,6,1704,199.94
477,377,8,2,1180,261.16
478,378,8,3,411,55.73
479,379,2,1,745,151.22
480,380,1,9,10656,961.3
481,381,2,3,1494,178.5
482,382,4,5,1755,358.01
483,383,4,9,4941,894.52
484,384,6,6,6510,1539.18
485,385,8,5,5465,719.92
486,386,3,3,3522,285.91
487,387,3,6,1656,139.86
488,388,1,5,1255,257.15
489,389,9,1,1192,320.13
490,390,3,5,1925,204.74
491,391,3,8,1688,337.33
492,392,5,1,260,16.81
493,393,7,5,4880,1250.66
494,394,9,7,1134,179.74
495,395,10,9,9621,1201.29
496,396,7,4,2836,698.83
497,397,1,9,5859,1153.89
498,398,6,2,2044,460.03
499,399,7,1,612,174.52
500,400,6,3,1890,492.31
501,401,6,5,2025,168.82
502,402,1,2,1960,312.06
503,403,4,6,4410,893.27
504,404,9,8,8272,2391.88
505,405,6,6,5712,638.29
506,406,6,6,1524,178.36
507,407,9,8,5160,1057.41
508,408,2,4,2956,451.6
509,409,8,8,7944,2257.73
510,410,4,5,1815,535.22
511,411,5,3,2706,546.97
512,412,10,2,1356,144.18
513,413,1,6,6384,1189.19
514,414,6,9,4248,964.12
515,415,7,6,3954,676.82
516,416,8,6,7110,739.6
517,417,5,7,8113,995.03
518,418,5,3,1830,183.62
519,419,9,4,3732,671.19
520,420,2,6,4062,1087.17
521,421,6,1,496,93.31
522,422,6,4,1104,84.31
523,423,8,3,2274,662
524,424,6,8,4456,1106.04
525,425,2,8,4928,1038.18
526,426,8,4,1740,224.79
527,427,5,2,178,31.46
528,428,1,8,5296,1234.81
529,429,2,4,4156,847.09
530,430,1,1,624,106.92
531,431,8,4,3892,1052.72
532,432,2,9,1620,294.6
533,433,2,3,2250,301.97
534,434,7,2,1390,316.31
535,435,4,5,5155,1325.16
536,436,6,5,1025,262.91
537,437,2,3,1785,244.52
538,438,6,9,2952,605.85
539,439,5,1,773,181.52
540,440,3,8,1640,361.48
541,441,9,1,1017,69.33
542,442,5,4,1964,349.91
543,443,2,3,2994,638.59
544,444,1,9,8046,2210.33
545,445,1,2,1874,271.5
546,446,2,8,6008,871.76
547,447,4,8,7240,411.19
548,448,7,9,1188,348.31
549,449,5,9,2997,163.34
550,450,1,9,7524,2017.85
551,451,7,5,3625,268.73
552,452,10,8,6952,871.2
553,453,4,9,1053,283.58
554,454,7,9,6696,1224.22
555,455,5,2,1420,93.59
556,456,4,9,9972,2566.01
557,457,10,8,3136,494.26
558,458,4,3,225,20.52
559,459,2,3,1662,375.04
560,460,1,4,500,85.96
561,461,8,8,3168,747.33
562,462,8,1,622,104.57
563,463,3,3,1233,361.12
564,464,10,3,573,116.14
565,465,3,1,702,129.34
566,466,10,8,4832,1261.06
567,467,1,5,3765,670.8
568,468,4,8,6928,1415.16
569,469,5,7,1624,436.13
570,470,5,1,68,10.39
571,471,2,1,651,187.99
572,472,1,7,6293,718.49
573,473,9,2,1068,85.71
574,474,9,1,381,26.69
575,475,1,2,2016,426.43
576,476,5,2,1224,340.67
577,477,7,5,2180,400.01
578,478,10,9,2853,353.09
579,479,2,1,272,45.33
580,480,8,4,2640,183.23
581,481,7,2,488,129.02
582,482,1,8,9184,1795.93
583,483,3,5,280,23.98
584,484,9,3,2889,604.45
585,485,10,1,625,125.9
586,486,9,8,7056,538.48
587,487,3,8,3936,720.2
588,488,6,6,2472,363.38
589,489,2,5,855,67.57
590,490,2,3,3480,560.39
591,491,4,1,846,103.3
592,492,9,1,158,46.24
593,493,2,9,3186,583.24
594,494,2,7,6972,969.43
595,495,2,5,1745,449.64
596,496,10,8,4256,372.95
597,497,9,3,1674,499.63
598,498,4,8,6488,1072.86
599,499,3,5,3530,803.86
600,500,2,2,632,87.45
601,501,7,7,3675,236.8
602,502,6,6,5592,926.42
603,503,9,6,6432,807.94
604,504,4,3,3069,503.3
605,505,9,7,2898,490.11
606,506,3,4,3960,632.76
607,507,3,3,1476,85.16
608,508,1,2,1058,298.69
609,509,7,5,1215,162.02
610,510,4,3,204,20.43
611,511,3,7,4137,221.66
612,512,4,5,250,16.81
613,513,3,5,1185,254.34
614,514,5,2,1504,108.52
615,515,9,6,6888,945.07
616,516,8,3,3588,958.84
617,517,10,7,1477,367.22
618,518,6,8,1280,131.56
619,519,3,7,7161,630.76
620,520,1,5,1850,346.4
621,521,2,3,3378,520.31
622,522,10,7,7672,2046.38
623,523,3,6,4254,938.66
624,524,9,5,2285,279.9
625,525,9,7,5775,680.6
626,526,8,9,9360,910.35
627,527,1,8,6936,1156.52
628,528,4,9,5634,464.71
629,529,8,4,2644,731.86
630,530,5,1,247,35.65
631,531,10,7,1869,357.27
632,532,6,7,1988,430.59
633,533,10,4,1920,549.11
634,534,5,3,2577,196.37
635,535,4,3,828,117.95
636,536,4,2,1580,403.76
637,537,4,9,9009,1909.26
638,538,8,9,7425,1580.86
639,539,7,5,2945,672.35
640,540,2,3,294,22.9
641,541,2,5,5875,789.23
642,542,6,3,1308,197.6
643,543,7,4,2360,391.82
644,544,6,6,1008,245.45
645,545,6,6,1344,338.4
646,546,1,7,5635,1185.97
647,547,2,4,4088,1200.03
648,548,4,8,2192,441.77
649,549,9,8,1952,444.15
650,550,8,7,3955,1144.76
651,551,2,8,5256,1118.16
652,552,4,1,1163,115.09
653,553,6,9,5004,973.65
654,554,2,8,9128,1342.19
655,555,10,4,4700,576.34
656,556,4,2,1686,146.39
657,557,9,9,4572,279.54
658,558,8,5,2510,515.12
659,559,8,3,3117,829.09
660,560,10,1,380,94.35
661,561,7,9,2889,604.19
662,562,6,9,3654,581.9
663,563,1,6,5610,298.77
664,564,8,1,668,99.4
665,565,8,7,3983,360.13
666,566,9,1,1112,272.81
667,567,7,9,4230,221.06
668,568,3,8,2968,530.3
669,569,7,5,4690,706.74
670,570,4,6,4296,1240.31
671,571,4,7,7203,523.52
672,572,8,4,3640,695.31
673,573,8,1,1131,304.62
674,574,4,9,3627,797.53
675,575,2,8,7968,1249.98
676,576,5,3,3546,490.28
677,577,3,5,2270,546.56
678,578,9,2,1354,136.91
679,579,5,7,6811,1423.57
680,580,6,3,1410,232.65
681,581,9,2,1170,249.99
682,582,10,7,4739,740.74
683,583,2,9,7866,1554.38
684,584,7,5,3645,388.31
685,585,5,6,5358,568.34
686,586,4,5,1775,486.37
687,587,5,9,4905,1351.25
688,588,2,6,4260,372.33
689,589,1,2,1632,292.78
690,590,6,6,3324,466.78
691,591,4,5,4590,347.14
692,592,10,9,8496,2182.42
693,593,1,6,6444,518.79
694,594,4,1,812,51.13
695,595,7,6,1764,465.93
696,596,1,1,1012,172.67
697,597,9,2,836,47.07
698,598,6,1,723,115.26
699,599,5,6,5628,1033.15
700,600,10,5,1660,283.14
701,601,5,3,2295,244.83
702,602,1,2,2190,477.8
703,603,3,7,3500,919.35
704,604,5,2,1098,239.92
705,605,2,5,945,194.03
706,606,2,6,5622,1382.67
707,607,4,3,2325,309.49
708,608,9,1,1157,252.08
709,609,1,3,531,126.24
710,610,3,2,1760,278.09
711,611,6,1,371,108.58
712,612,8,4,1896,191.7
713,613,6,2,514,106.75
714,614,7,7,1876,129.25
715,615,4,6,1182,236.12
716,616,8,5,4255,961.41
717,617,7,9,1341,150.7
718,618,9,1,644,49.25
719,619,7,3,1827,94.4
720,620,4,1,930,136.16
721,621,4,4,528,152.8
722,622,7,6,4236,739.22
723,623,5,4,1664,190.82
724,624,6,3,2727,554.46
725,625,6,2,522,52.73
726,626,2,7,8288,1945.03
727,627,10,9,1062,73.58
728,628,8,3,1140,226.52
729,629,9,8,3488,712.24
730,630,3,8,5920,1436.7
731,631,7,9,3096,362.89
732,632,7,5,3490,205.04
733,633,6,6,4374,702.62
734,634,8,6,3366,541.86
735,635,1,6,822,231.62
736,636,7,2,340,39.12
737,637,2,1,763,217.94
738,638,5,4,3408,856.98
739,639,3,7,2282,537.71
740,640,4,7,4151,1047.43
741,641,10,7,6279,1689.55
742,642,7,3,474,83.32
743,643,7,5,680,176.44
744,644,5,9,8496,1721.6
745,645,9,7,7826,714.68
746,646,2,6,4014,717.44
747,647,10,1,687,62.82
748,648,6,3,2943,234.27
749,649,1,7,5649,660.37
750,650,3,8,3296,623.67
751,651,5,3,1137,173.92
752,652,8,2,380,101.7
753,653,10,5,4405,1247.86
754,654,3,1,120,9.43
755,655,1,1,1176,182.07
756,656,4,3,1770,366.58
757,657,4,6,4302,965.02
758,658,4,3,2988,362.68
759,659,5,3,3033,458.41
760,660,2,9,6363,1752.65
761,661,3,6,3402,501.29
762,662,9,4,3496,1032.81
763,663,7,4,1080,204.95
764,664,5,6,1530,218.99
765,665,9,4,3568,764.2
766,666,8,1,954,48.97
767,667,4,4,1196,223.66
768,668,6,4,2136,217.47
769,669,1,9,8496,2316.03
770,670,10,7,7280,1450.82
771,671,6,5,4935,625.39
772,672,3,8,9056,872.48
773,673,6,1,563,46.96
774,674,1,2,1570,247.7
775,675,4,3,2181,517.02
776,676,2,4,3808,442.33
777,677,9,7,6552,635.09
778,678,10,8,6544,1086.29
779,679,2,3,2631,157.19
780,680,7,9,945,94.75
781,681,7,2,760,192.42
782,682,7,4,1392,394.48
783,683,6,3,1242,206.74
784,684,10,3,3183,868.73
785,685,7,5,4260,229.77
786,686,8,1,1041,132.46
787,687,6,3,1692,348.81
788,688,4,4,1728,403.06
789,689,4,4,4484,893.27
790,690,8,7,4123,750.05
791,691,2,2,2372,392.07
792,692,8,7,5201,745.2
793,693,2,5,3100,695.28
794,694,6,6,5292,1105.95
795,695,3,6,5952,971.53
796,696,8,4,1932,472.91
797,697,3,6,3486,1011.74
798,698,3,2,1708,441.43
799,699,7,4,4324,288.12
800,700,10,4,2708,302.14
801,701,1,8,7944,1142.83
802,702,4,3,684,39.33
803,703,1,9,5904,1440.45
804,704,1,5,4970,1080.12
805,705,5,2,2288,234.97
806,706,8,6,4662,350.79
807,707,2,4,2532,404.96
808,708,3,8,9328,1008.6
809,709,1,1,686,86.18
810,710,6,6,1290,343.35
811,711,1,5,1205,235.19
812,712,5,7,7966,1313.56
813,713,4,7,1085,130.72
814,714,7,9,6633,1239.11
815,715,10,7,5096,971.5
816,716,3,4,4120,710.07
817,717,7,3,1479,207.58
818,718,8,7,1652,397.49
819,719,10,1,1028,240.61
820,720,7,4,4580,655.14
821,721,7,8,2152,196.53
822,722,7,6,4566,866.13
823,723,5,3,2244,301.53
824,724,2,4,1344,140.52
825,725,1,6,2622,131.53
826,726,8,1,325,46.84
827,727,9,1,960,95.88
828,728,8,7,2639,268.88
829,729,1,5,1025,246.15
830,730,7,2,1924,434.86
831,731,8,2,1660,362.88
832,732,1,1,985,105.09
833,733,9,5,2600,537.11
834,734,4,4,2792,725.35
835,735,5,2,378,87.37
836,736,4,8,968,271.61
837,737,6,3,564,108.35
838,738,10,5,2365,667.61
839,739,8,6,3252,834.84
840,740,4,1,276,42.68
841,741,2,3,3408,205.76
842,742,10,6,1398,180.88
843,743,9,4,904,108.85
844,744,9,1,1178,161.06
845,745,5,3,2535,292.19
846,746,3,1,496,146.92
847,747,8,4,3888,284.17
848,748,3,7,4921,798.16
849,749,6,8,4472,290.79
850,750,3,3,603,153.37
851,751,5,9,1899,501.4
852,752,1,4,544,67.84
853,753,7,9,6471,1844.59
854,754,9,1,677,54.14
855,755,10,4,1372,302.58
856,756,9,9,7542,1477.49
857,757,7,1,924,125.65
858,758,8,5,3940,755.11
859,759,3,2,374,49.26
860,760,1,5,1800,252.69
861,761,7,5,3170,868.34
862,762,5,7,5362,1029.47
863,763,7,9,5976,1747.57
864,764,9,9,8514,1400.4
865,765,10,1,810,157.47
866,766,2,1,71,12.02
867,767,10,1,651,57.94
868,768,7,3,1245,119.11
869,769,7,1,464,58.38
870,770,7,5,5155,356.43
871,771,8,5,5175,786.27
872,772,8,2,1668,470.42
873,773,1,3,1872,532.81
874,774,10,3,513,132.56
875,775,1,2,2276,366.5
876,776,2,4,3428,305.79
877,777,9,2,1640,176.87
878,778,4,7,7077,1921.73
879,779,1,9,9225,1391.15
880,780,2,5,3910,584.77
881,781,1,5,1995,369.22
882,782,9,7,385,43.43
883,783,2,4,4316,566.7
884,784,6,1,1169,340.69
885,785,5,5,2325,506.32
886,786,7,1,199,48.92
887,787,6,3,375,80.58
888,788,10,9,8010,763.32
889,789,2,4,316,77.13
890,790,4,9,5895,442.49
891,791,5,4,388,35.21
892,792,2,5,3670,462.97
893,793,8,9,7731,2178.05
894,794,10,3,1596,91.23
895,795,4,4,4192,216.16
896,796,3,7,5264,756.33
897,797,10,1,425,48.81
898,798,6,4,3380,211.72
899,799,1,7,8379,2009.05
900,800,9,4,2040,393.72
901,801,1,4,1336,116.65
902,802,9,2,1934,157.41
903,803,9,3,1560,391.11
904,804,9,6,4446,1217.86
905,805,1,3,1893,508.8
906,806,4,4,4492,670.42
907,807,2,6,6228,1852.45
908,808,4,7,4403,1295.89
909,809,5,9,4176,510.97
910,810,9,2,486,64.43
911,811,1,5,4880,1084.69
912,812,1,5,265,53.21
913,813,10,1,1041,128.58
914,814,8,8,9448,616.5
915,815,5,3,1617,440.46
916,816,10,2,1486,233.7
917,817,6,8,7152,1539.72
918,818,2,6,1404,368.36
919,819,4,2,122,16.23
920,820,4,9,7533,1285.72
921,821,5,4,3888,810.08
922,822,8,5,870,48.87
923,823,2,2,1446,403.89
924,824,3,6,510,151.91
925,825,9,8,6224,790.27
926,826,9,2,686,85.03
927,827,2,4,2840,591.94
928,828,10,7,2562,347.62
929,829,8,5,790,216.12
930,830,10,5,4170,786.42
931,831,3,4,1360,373.59
932,832,4,6,5316,782.42
933,833,10,4,3956,293.38
934,834,7,3,726,94.38
935,835,8,4,228,29.37
936,836,5,3,2274,442.57
937,837,9,9,2628,459.87
938,838,4,6,606,104.85
939,839,5,8,7256,558.79
940,840,4,4,1956,125.69
941,841,1,6,3954,690.1
942,842,9,6,2262,442.86
943,843,1,4,2804,391.59
944,844,3,9,5850,1511.06
945,845,9,1,56,9.16
946,846,7,9,4302,344.64
947,847,4,9,10143,1690.66
948,848,5,1,1012,164.89
949,849,3,9,8964,448.62
950,850,2,6,1758,262.36
951,851,1,6,6348,557.72
952,852,1,2,1582,422.46
953,853,2,2,1924,394.4
954,854,9,1,120,23.86
955,855,5,8,7752,1943.84
956,856,4,2,1114,300.44
957,857,9,5,1765,229.06
958,858,9,6,6834,1418.21
959,859,8,5,1520,433.53
960,860,6,7,8141,767.6
961,861,3,8,5176,866.36
962,862,2,9,738,64.42
963,863,1,9,4086,217.48
964,864,2,2,442,28.13
965,865,8,6,2478,153.86
966,866,9,2,1860,327.15
967,867,7,9,4968,991.82
968,868,1,3,1446,278.94
969,869,2,7,1722,414.87
970,870,6,7,6573,460.28
971,871,5,3,2481,249.52
972,872,7,6,3828,1102.86
973,873,3,7,1197,103.34
974,874,3,7,7623,1459.84
975,875,2,9,3384,252.11
976,876,7,8,1296,273.97
977,877,3,8,2840,262.62
978,878,4,7,1540,342.93
979,879,4,2,1414,308.39
980,880,4,8,8328,466.38
981,881,4,2,744,217.21
982,882,2,9,1773,168.01
983,883,8,7,6034,1018.37
984,884,8,9,756,99.21
985,885,7,8,2256,468.52
986,886,7,7,875,203.63
987,887,5,4,1208,115.13
988,888,5,2,352,54.19
989,889,1,6,4266,357.51
990,890,3,7,1841,496.89
991,891,4,1,712,89.5
992,892,1,2,724,72.19
993,893,8,8,5832,662.72
994,894,9,6,4188,989.14
995,895,3,1,392,50.7
996,896,10,9,963,49.71
997,897,4,6,5706,319.46
998,898,5,7,1365,312.04
999,899,5,1,202,11.24
1000,900,8,9,2430,613.67
1001,901,7,3,2670,515.39
1002,902,3,7,2758,520.66
1003,903,7,9,873,82.35
1004,904,6,9,7245,1410.92
1005,905,4,4,960,255.24
1006,906,6,4,1284,171.02
1007,907,2,4,512,110.47
1008,908,6,9,9729,2039.41
1009,909,4,5,1580,166.16
1010,910,2,8,976,234.24
1011,911,1,8,1824,495.35
1012,912,8,4,3188,202.81
1013,913,4,7,5467,556.02
1014,914,8,6,5406,1277.46
1015,915,5,8,2984,742.31
1016,916,1,1,919,193.35
1017,917,4,6,1686,426.72
1018,918,10,7,4165,493.24
1019,919,8,7,1281,282.63
1020,920,6,3,2829,362.16
1021,921,7,3,2211,292.31
1022,922,5,4,4740,607.81
1023,923,4,1,718,169.09
1024,924,5,6,1716,108.81
1025,925,7,7,1547,152.59
1026,926,2,1,739,111.18
1027,927,10,3,819,231.88
1028,928,10,8,5696,1156.3
1029,929,7,2,1706,184.71
1030,930,4,2,2066,608.23
1031,931,10,2,256,35.66
1032,932,8,2,1102,182.54
1033,933,7,8,2872,483.94
1034,934,3,4,2584,394.52
1035,935,2,2,1366,298.32
1036,936,6,7,1253,354.23
1037,937,10,7,2618,300.81
1038,938,5,9,6822,1811.37
1039,939,9,6,5286,636.16
1040,940,7,1,579,133.57
1041,941,10,8,1392,190.99
1042,942,10,9,2493,696.69
1043,943,8,7,6461,766.45
1044,944,3,2,1486,201.07
1045,945,1,1,1152,280.28
1046,946,6,2,1750,103.99
1047,947,8,7,4417,495.37
1048,948,10,4,3724,276.85
1049,949,4,3,2220,121.14
1050,950,7,8,9104,2620.58
1051,951,1,3,3093,584.23
1052,952,5,6,3048,842.24
1053,953,8,1,161,36.58
1054,954,7,7,7238,1889.69
1055,955,8,3,3561,347.31
1056,956,7,5,1850,534.39
1057,957,2,6,3522,626.72
1058,958,6,1,584,172.4
1059,959,8,4,2556,412.44
1060,960,8,2,348,56.31
1061,961,7,9,1602,142.49
1062,962,7,3,2853,437.59
1063,963,1,1,1024,230.3
1064,964,4,5,4485,1324.49
1065,965,1,2,436,79.69
1066,966,6,2,2232,150.12
1067,967,9,6,7056,1445.01
1068,968,9,5,875,96.65
1069,969,6,3,315,61.94
1070,970,10,2,358,51.75
1071,971,4,7,3451,194.42
1072,972,10,9,1350,189.13
1073,973,3,8,3320,413.32
1074,974,2,9,8442,940.33
1075,975,9,1,166,31.97
1076,976,2,5,3720,448.6
1077,977,10,2,1090,136.65
1078,978,10,9,9783,2347.49
1079,979,8,4,2432,657.18
1080,980,2,7,4060,291.42
1081,981,6,1,387,99.59
1082,982,6,3,966,120.56
1083,983,3,3,3366,882.29
1084,984,7,7,7833,1843.94
1085,985,7,1,610,33.55
1086,986,6,8,4288,597.09
1087,987,1,9,7740,605.35
1088,988,6,9,3150,457.13
1089,989,9,2,894,224.75
1090,990,10,8,7544,1219.73
1091,991,9,8,6360,1871.88
1092,992,8,4,2428,485.75
1093,993,5,2,574,38.52
1094,994,9,6,6744,660.47
1095,995,5,6,798,213.4
1096,996,1,5,2860,339
1097,997,1,5,5410,1129.77
1098,998,10,5,4445,580.15
1099,999,6,8,7536,1197.09
1100,1000,7,7,4165,263.26
1101,1001,10,3,3021,763.99
1102,1002,9,2,310,70.66
1103,1003,5,2,2170,522
1104,1004,3,3,2832,317.76
1105,1005,6,5,3945,392.09
1106,1006,3,4,2104,308
1107,1007,7,2,2060,517.64
1108,1008,1,4,1060,155.78
1109,1009,6,6,810,108.61
1110,1010,10,3,873,57.42
1111,1011,3,5,595,121.11
1112,1012,10,2,1562,119.56
1113,1013,6,9,5337,1575.99
1114,1014,1,2,212,13.4
1115,1015,1,8,2704,705.74
1116,1016,10,5,3225,523.32
1117,1017,7,2,1342,184.59
1118,1018,2,7,3395,1012.78
1119,1019,6,4,3968,480.72
1120,1020,8,5,4555,776.65
1121,1021,3,2,2132,365.44
1122,1022,2,6,6516,842.83
1123,1023,6,2,2040,481.15
1124,1024,2,6,6126,428.38
1125,1025,6,8,520,30.58
1126,1026,4,5,4470,526.96
1127,1027,6,8,5504,1196.78
1128,1028,5,4,3036,511.69
1129,1029,6,5,2725,308.29
1130,1030,1,8,4080,336.96
1131,1031,9,8,3080,776.6
1132,1032,6,5,1525,413.75
1133,1033,7,4,1332,342.85
1134,1034,8,7,4669,803.21
1135,1035,6,6,5310,1099.84
1136,1036,4,8,9392,2651.84
1137,1037,7,5,1350,198.19
1138,1038,7,4,3648,768.61
1139,1039,1,2,300,47.59
1140,1040,8,3,3408,727.26
1141,1041,9,9,4302,475.96
1142,1042,9,5,4575,771.24
1143,1043,10,8,9304,1855.7
1144,1044,7,4,1928,232.48
1145,1045,1,2,1042,86.24
1146,1046,3,3,2214,507.7
1147,1047,9,4,3024,678.26
1148,1048,4,2,1104,173.01
1149,1049,2,8,6056,1631.71
1150,1050,2,5,5295,1375.98
1151,1051,8,4,3668,839.4
1152,1052,1,9,4293,295.47
1153,1053,2,7,5789,950.45
1154,1054,6,6,4440,800.92
1155,1055,1,5,5515,330.02
1156,1056,4,4,784,192.77
1157,1057,10,4,576,156.59
1158,1058,6,5,705,198.62
1159,1059,9,6,4458,1215.3
1160,1060,8,6,6780,811.92
1161,1061,6,5,3970,642.7
1162,1062,7,7,5131,368.11
1163,1063,10,7,1750,90.21
1164,1064,3,7,8337,753.35
1165,1065,9,9,9810,549.46
1166,1066,9,3,2658,794.36
1167,1067,1,1,473,43.65
1168,1068,3,9,2205,410.01
1169,1069,8,9,6948,1409.3
1170,1070,3,3,774,212.02
1171,1071,3,3,2532,343.13
1172,1072,10,7,6587,1173.91
1173,1073,8,7,7266,806.79
1174,1074,8,7,6867,502.06
1175,1075,4,9,4887,396.36
1176,1076,2,4,864,251.99
1177,1077,8,6,5190,1215.07
1178,1078,9,8,2128,294.45
1179,1079,2,2,1718,218.82
1180,1080,8,2,1270,229.39
1181,1081,9,7,2569,130.19
1182,1082,1,2,1518,262.65
1183,1083,5,2,1210,268.37
1184,1084,2,2,1128,94.13
1185,1085,5,1,1077,77.97
1186,1086,9,6,2244,517.47
1187,1087,2,8,1608,464.18
1188,1088,4,5,3685,476.2
1189,1089,4,8,4080,1079.49
1190,1090,7,1,404,84.4
1191,1091,9,2,1738,163.38
1192,1092,1,3,828,210.33
1193,1093,2,4,4344,461.72
1194,1094,3,1,1130,268.88
1195,1095,5,3,1698,304.91
1196,1096,3,4,844,136.02
1197,1097,1,2,2286,218.18
1198,1098,4,2,1026,170.31
1199,1099,10,6,6984,1433.65
1200,1100,7,4,1672,432.35
1201,1101,10,6,1092,63.98
1202,1102,5,2,272,24.71
1203,1103,5,2,1126,204.99
1204,1104,2,7,8155,2177.38
1205,1105,6,7,4298,358.38
1206,1106,8,5,1365,310.66
1207,1107,4,6,4116,381.35
1208,1108,5,8,904,181.45
1209,1109,6,1,70,10.64
1210,1110,9,2,344,72.87
1211,1111,1,1,330,78.52
1212,1112,5,2,518,34.22
1213,1113,2,9,2763,458.4
1214,1114,6,2,2298,343.53
1215,1115,7,1,436,73.89
1216,1116,2,6,1824,213.47
1217,1117,10,5,1540,411.83
1218,1118,3,7,5572,385.82
1219,1119,7,6,3030,335.71
1220,1120,7,5,1245,345.84
1221,1121,3,4,1252,326.69
1222,1122,4,9,4959,479.28
1223,1123,7,7,8162,443.81
1224,1124,7,5,1370,253.92
1225,1125,3,3,3111,607.23
1226,1126,2,7,7805,1078.03
1227,1127,8,9,10314,2729.6
1228,1128,9,9,10782,2730.14
1229,1129,7,5,4375,987.96
1230,1130,7,5,2265,595.05
1231,1131,10,1,166,9.69
1232,1132,5,7,7217,1481.7
1233,1133,3,3,1767,186.54
1234,1134,10,3,2883,557.81
1235,1135,6,3,1338,396.08
1236,1136,1,9,9459,604.06
1237,1137,1,3,168,45.31
1238,1138,8,9,4536,479.78
1239,1139,2,4,4404,793.7
1240,1140,7,4,1952,148.67
1241,1141,2,3,2004,467.76
1242,1142,9,4,468,131.48
1243,1143,8,9,8667,1597.49
1244,1144,1,7,6097,567.32
1245,1145,5,9,4752,1415.65
1246,1146,9,1,1172,124.9
1247,1147,9,2,1608,170.29
1248,1148,1,7,7595,969.07
1249,1149,6,1,1142,306.84
1250,1150,9,2,116,13.67
1251,1151,8,9,3951,908.13
1252,1152,9,2,1606,138.96
1253,1153,5,3,2025,403
1254,1154,6,2,2006,235.52
1255,1155,4,9,9423,652.06
1256,1156,10,4,2276,399.94
1257,1157,7,5,4880,664.06
1258,1158,10,3,1773,183.15
1259,1159,6,9,2718,195.97
1260,1160,5,4,3168,939.45
1261,1161,4,2,1716,368.06
1262,1162,8,2,214,14.08
1263,1163,4,2,2092,366.12
1264,1164,5,3,225,46.96
1265,1165,6,1,859,217.67
1266,1166,1,2,2070,183.41
1267,1167,9,6,3240,758.19
1268,1168,3,2,1748,506.52
1269,1169,2,8,2080,108.48
1270,1170,6,3,2193,521.14
1271,1171,5,5,2080,614.77
1272,1172,2,5,5070,986.39
1273,1173,10,7,469,47.4
1274,1174,1,1,802,153.55
1275,1175,8,6,930,213.6
1276,1176,6,1,495,55.17
1277,1177,7,6,4938,847.89
1278,1178,3,2,1300,267.46
1279,1179,2,7,2100,131.67
1280,1180,4,2,2248,636.52
1281,1181,5,8,7096,991.23
1282,1182,5,3,1992,252.21
1283,1183,4,4,4056,1189.26
1284,1184,4,2,1986,208.88
1285,1185,1,3,1635,196.73
1286,1186,6,9,3132,443.27
1287,1187,8,8,7064,1554.52
1288,1188,4,1,907,249.2
1289,1189,2,9,7938,1191.41
1290,1190,1,4,4360,1207.46
1291,1191,9,3,375,95.04
1292,1192,7,7,826,101.01
1293,1193,5,1,1011,186.42
1294,1194,2,3,807,148.58
1295,1195,5,2,1840,367.7
1296,1196,9,5,4550,1039.34
1297,1197,8,9,8793,901.7
1298,1198,5,5,310,32.01
1299,1199,5,3,1143,275.04
1300,1200,7,3,2610,740.21
1301,1201,3,6,1494,269.25
1302,1202,8,4,1524,189.32
1303,1203,3,9,9441,2171.42
1304,1204,8,4,3520,417.26
1305,1205,3,2,390,103.99
1306,1206,1,3,3219,255.09
1307,1207,10,1,450,75.89
1308,1208,6,4,828,216.98
1309,1209,1,1,1146,152.79
1310,1210,7,3,1986,361.33
1311,1211,6,8,7264,1776.83
1312,1212,10,7,7469,915.63
1313,1213,10,5,1385,165.55
1314,1214,3,4,4556,315.07
1315,1215,7,3,456,61.42
1316,1216,7,2,1984,125.13
1317,1217,6,6,5178,1321.58
1318,1218,6,1,281,30.51
1319,1219,7,9,3033,177.92
1320,1220,4,3,1107,65.88
1321,1221,2,3,1446,356.7
1322,1222,1,3,1335,263.04
1323,1223,2,2,266,20.11
1324,1224,8,6,648,162.3
1325,1225,3,2,344,80.87
1326,1226,8,6,5724,1640.19
1327,1227,5,5,4920,323.38
1328,1228,4,5,5440,457.04
1329,1229,8,7,7994,908.65
1330,1230,4,9,3780,724.36
1331,1231,8,1,1017,209.97
1332,1232,8,6,1578,82.85
1333,1233,8,2,912,161.37
1334,1234,10,6,2520,182.59
1335,1235,2,8,2632,262.55
1336,1236,7,6,6582,729.68
1337,1237,4,8,3432,172.69
1338,1238,9,2,1030,254.65
1339,1239,2,8,1192,289.91
1340,1240,1,9,7083,994.47
1341,1241,1,7,3675,227.14
1342,1242,7,4,4740,833.27
1343,1243,5,4,1716,364.96
1344,1244,1,7,3528,260.06
1345,1245,4,3,777,71.72
1346,1246,4,4,3368,558.93
1347,1247,3,4,4240,251.46
1348,1248,10,3,3285,292.87
1349,1249,8,6,4872,612.73
1350,1250,8,9,2466,638.41
1351,1251,3,5,2465,497.19
1352,1252,3,3,612,40.15
1353,1253,3,5,4170,658.98
1354,1254,4,8,1088,160.33
1355,1255,9,2,1626,354.49
1356,1256,8,6,6486,359.49
1357,1257,7,8,6968,1226.22
1358,1258,8,1,357,82.86
1359,1259,10,1,454,58.4
1360,1260,3,3,3582,501.47
1361,1261,3,9,3762,484.75
1362,1262,6,9,6642,394.48
1363,1263,7,4,408,45.2
1364,1264,3,1,105,25.26
1365,1265,3,3,2682,584.69
1366,1266,9,7,497,76.31
1367,1267,1,7,4823,420.58
1368,1268,6,8,4048,666.1
1369,1269,1,7,2758,459.02
1370,1270,8,8,4096,266.35
1371,1271,1,8,7264,1318
1372,1272,2,6,4302,957.38
1373,1273,1,7,3297,583.86
1374,1274,1,5,5960,1139.78
1375,1275,9,1,386,114.9
1376,1276,1,1,684,170.36
1377,1277,10,3,1275,168.64
1378,1278,2,9,5949,368.51
1379,1279,4,7,5159,755.22
1380,1280,7,4,1100,127.13
1381,1281,2,2,290,50.23
1382,1282,6,8,7144,492.1
1383,1283,9,5,4200,330.48
1384,1284,7,6,5022,291.89
1385,1285,8,2,2354,371.34
1386,1286,8,2,2032,149.7
1387,1287,1,8,9528,1942.35
1388,1288,9,2,2372,275.88
1389,1289,10,3,2703,609.75
1390,1290,10,4,1264,267.82
1391,1291,8,4,1624,333.74
1392,1292,2,8,2976,507.77
1393,1293,5,6,4998,863.82
1394,1294,1,1,445,29.57
1395,1295,1,1,98,28.57
1396,1296,3,7,4102,354.03
1397,1297,1,1,1016,171.31
1398,1298,5,4,1960,234.88
1399,1299,2,7,2751,675.95
1400,1300,8,7,4032,742.98
1401,1301,8,7,5978,1791.25
1402,1302,5,7,8050,2129.97
1403,1303,7,7,4648,1240.98
1404,1304,8,3,1119,108.68
1405,1305,1,9,2178,382.67
1406,1306,10,1,918,180.31
1407,1307,8,9,6903,837.35
1408,1308,9,5,4855,534.23
1409,1309,4,2,2158,483.94
1410,1310,2,7,4550,1077.8
1411,1311,3,4,3592,249.54
1412,1312,3,8,3488,943.25
1413,1313,7,2,1214,163.8
1414,1314,2,9,7200,1469.23
1415,1315,10,8,1808,339.31
1416,1316,4,9,7083,560.88
1417,1317,7,4,1060,260.21
1418,1318,6,9,7182,461.61
1419,1319,8,6,5532,552.74
1420,1320,5,8,1800,326.03
1421,1321,5,1,351,32.61
1422,1322,6,2,1200,191.43
1423,1323,3,9,1593,322.46
1424,1324,7,3,2580,448.02
1425,1325,9,6,6780,1794.97
1426,1326,8,2,1298,204.08
1427,1327,6,7,4585,383.97
1428,1328,3,1,516,70.53
1429,1329,3,4,1780,420.28
1430,1330,9,5,365,94.05
1431,1331,3,8,3896,735.66
1432,1332,10,1,636,169.24
1433,1333,7,7,637,87.86
1434,1334,9,3,1302,180.82
1435,1335,8,1,719,40.42
1436,1336,4,6,5106,1341.93
1437,1337,2,3,1215,129.8
1438,1338,4,9,1791,187.28
1439,1339,1,9,6255,452.46
1440,1340,1,5,4165,1012.37
1441,1341,7,5,5990,1192.11
1442,1342,3,1,847,142.74
1443,1343,4,8,688,131.26
1444,1344,3,2,1188,286.38
1445,1345,4,7,3101,926.09
1446,1346,5,9,8703,1562.88
1447,1347,1,9,9324,2416.93
1448,1348,10,1,749,68.17
1449,1349,6,4,3224,871.53
1450,1350,7,3,459,40.96
1451,1351,6,7,5726,976.14
1452,1352,9,4,616,175.75
1453,1353,10,2,1584,406.25
1454,1354,10,5,3205,368.41
1455,1355,1,1,958,186.76
1456,1356,10,9,5139,1315.93
1457,1357,8,5,3795,239.15
1458,1358,4,2,810,229.33
1459,1359,4,6,5106,1500.2
1460,1360,7,2,798,79.25
1461,1361,10,5,3165,895.33
1462,1362,3,5,5935,875.84
1463,1363,9,4,3352,663.15
1464,1364,8,9,8343,821
1465,1365,7,4,2604,411.38
1466,1366,5,1,526,108.88
1467,1367,7,9,5220,1324.01
1468,1368,1,9,1737,152.98
1469,1369,2,6,3186,841.04
1470,1370,8,6,7014,1202.25
1471,1371,2,9,3411,444.87
1472,1372,7,1,513,87.58
1473,1373,8,1,1104,277.85
1474,1374,8,9,2718,271.51
1475,1375,5,6,1662,416.3
1476,1376,2,5,1700,360.59
1477,1377,3,4,2932,597.65
1478,1378,2,4,3604,971.14
1479,1379,4,4,4596,553.58
1480,1380,6,6,930,68.24
1481,1381,3,3,2790,470.93
1482,1382,8,6,4596,1162.75
1483,1383,9,1,962,260.28
1484,1384,8,1,92,14.88
1485,1385,9,5,1130,254.99
1486,1386,5,6,6024,1706.41
1487,1387,1,1,879,135
1488,1388,7,8,2384,444.98
1489,1389,4,4,4644,277.26
1490,1390,9,1,607,79.78
1491,1391,2,7,770,129.11
1492,1392,9,1,711,158.89
1493,1393,9,2,1088,235.83
1494,1394,10,7,4704,513.14
1495,1395,10,5,660,90.86
1496,1396,5,5,4680,516.26
1497,1397,4,7,6797,665.29
1498,1398,2,9,558,38.86
1499,1399,7,4,4496,1115.75
1500,1400,9,1,713,62.78
1501,1401,4,2,1310,212.43
1502,1402,9,9,2853,564.05
1503,1403,4,2,2324,516.06
1504,1404,10,1,330,53.42
1505,1405,4,3,588,100.52
1506,1406,8,1,63,11.91
1507,1407,3,7,847,147.71
1508,1408,1,1,1037,56.89
1509,1409,2,1,373,72.17
1510,1410,10,1,1176,157.47
1511,1411,8,3,2139,422.52
1512,1412,7,9,4140,301.12
1513,1413,10,1,1038,63.23
1514,1414,7,8,2024,203.11
1515,1415,6,6,6624,1136.09
1516,1416,6,7,5019,1154.79
1517,1417,8,5,750,207.77
1518,1418,4,7,6461,1455.36
1519,1419,3,6,2946,208.01
1520,1420,7,1,618,81.04
1521,1421,1,2,1774,322.49
1522,1422,4,9,8586,700.37
1523,1423,10,5,2000,232.41
1524,1424,2,1,849,205.88
1525,1425,2,6,3186,374.63
1526,1426,7,4,2536,495.13
1527,1427,6,2,1306,228.41
1528,1428,3,3,2508,631.85
1529,1429,3,8,1048,107.56
1530,1430,9,4,1516,256.96
1531,1431,8,9,10458,1835.21
1532,1432,5,9,2754,259.16
1533,1433,1,4,3432,364.27
1534,1434,7,2,1234,257.89
1535,1435,7,1,847,146.25
1536,1436,9,7,7672,896.11
1537,1437,7,9,7596,1454.15
1538,1438,9,7,7252,1357.27
1539,1439,6,6,732,136.59
1540,1440,8,1,173,20.96
1541,1441,4,3,2805,749.5
1542,1442,8,8,7048,391.96
1543,1443,2,6,4698,1020.11
1544,1444,6,1,565,148.79
1545,1445,7,1,672,198.75
1546,1446,4,6,2604,566.34
1547,1447,3,6,5124,501.5
1548,1448,6,5,2455,714.35
1549,1449,1,2,1796,225.15
1550,1450,10,1,288,61.85
1551,1451,10,5,2160,553.41
1552,1452,3,1,105,27.36
1553,1453,7,9,7578,1596.64
1554,1454,5,1,365,50.1
1555,1455,4,8,3752,537.98
1556,1456,9,2,1384,316.21
1557,1457,8,5,475,76.22
1558,1458,1,4,1116,242.31
1559,1459,8,1,137,39.35
1560,1460,5,6,738,158.96
1561,1461,4,3,1821,543.01
1562,1462,9,7,3654,670.16
1563,1463,9,6,2592,404.89
1564,1464,4,6,996,225.75
1565,1465,2,1,693,62.75
1566,1466,9,3,513,48.23
1567,1467,6,8,5736,937.62
1568,1468,2,2,1458,208.93
1569,1469,8,8,5496,1104.93
1570,1470,3,3,3183,358.87
1571,1471,5,6,3990,975.5
1572,1472,8,2,582,76.45
1573,1473,1,5,3340,845.53
1574,1474,7,1,890,59.1
1575,1475,1,6,4890,689.01
1576,1476,9,3,2625,349.61
1577,1477,6,4,1440,200.09
1578,1478,5,5,505,93.85
1579,1479,10,8,8192,1822.87
1580,1480,9,3,1920,144.3
1581,1481,6,8,8768,1065.8
1582,1482,2,1,1140,117.05
1583,1483,10,4,952,264.61
1584,1484,8,1,225,51.07
1585,1485,1,4,1304,336.95
1586,1486,4,3,1029,206.83
1587,1487,1,3,3402,442.67
1588,1488,10,9,8460,1201.94
1589,1489,7,1,104,26.86
1590,1490,7,9,10665,1595.08
1591,1491,6,8,984,183.07
1592,1492,8,4,2064,359.3
1593,1493,10,2,594,172.47
1594,1494,1,8,6016,898.33
1595,1495,8,8,2864,195.16
1596,1496,3,4,724,186.95
1597,1497,2,6,4098,1174.46
1598,1498,7,1,338,32.61
1599,1499,1,8,9280,1596.88
1600,1500,6,1,890,57.04
1601,1501,3,2,1790,442.75
1602,1502,3,9,8523,978.97
1603,1503,5,9,7776,677.74
1604,1504,2,7,3031,417.5
1605,1505,4,9,4698,1262.47
1606,1506,9,9,4851,1408.41
1607,1507,4,6,4542,1169.16
1608,1508,5,2,978,210.75
1609,1509,2,9,9378,1740.97
1610,1510,6,8,9464,2043.73
1611,1511,1,8,1720,401.26
1612,1512,9,8,4752,1124.22
1613,1513,9,4,584,127.28
1614,1514,4,9,4554,1031.09
1615,1515,3,2,2392,483.39
1616,1516,4,7,3962,916.13
1617,1517,10,3,1308,141.04
1618,1518,1,8,5912,1153.18
1619,1519,4,7,5831,1416.31
1620,1520,4,7,5572,690.68
1621,1521,7,6,5214,1093.04
1622,1522,2,9,6705,1283.78
1623,1523,5,1,426,93.83
1624,1524,8,2,2204,523.82
1625,1525,8,3,2652,161.67
1626,1526,1,6,3132,919.52
1627,1527,1,5,1830,437.35
1628,1528,10,9,2763,676.25
1629,1529,7,8,9056,2281.97
1630,1530,4,7,5439,1416.62
1631,1531,4,6,828,47.91
1632,1532,6,5,1910,463.07
1633,1533,3,2,1874,333.86
1634,1534,2,1,1032,291.41
1635,1535,9,3,3264,556.86
1636,1536,8,1,877,110.99
1637,1537,4,3,924,183.18
1638,1538,4,3,417,114.42
1639,1539,10,5,2670,155.89
1640,1540,9,7,2716,512.09
1641,1541,5,9,10134,1334.37
1642,1542,7,5,5500,1230.98
1643,1543,3,6,6228,1756.82
1644,1544,10,7,1092,274.77
1645,1545,7,5,3255,332.54
1646,1546,3,5,5645,1320.86
1647,1547,8,9,7578,466.87
1648,1548,9,9,6282,1594.61
1649,1549,10,6,2364,639.29
1650,1550,9,8,6880,1570.91
1651,1551,8,6,3288,249.02
1652,1552,7,6,5292,659.58
1653,1553,1,3,3522,883.41
1654,1554,6,2,1518,87.6
1655,1555,3,7,2457,690.55
1656,1556,5,1,309,62.08
1657,1557,7,6,6192,717.46
1658,1558,4,5,4235,747.96
1659,1559,6,9,7128,457.11
1660,1560,3,5,5660,641.69
1661,1561,8,1,787,120.38
1662,1562,2,3,375,107.26
1663,1563,4,4,296,44.79
1664,1564,9,6,6372,570.75
1665,1565,2,6,2214,322.73
1666,1566,5,6,2640,734.44
1667,1567,4,7,2240,580.47
1668,1568,6,7,6258,1347.74
1669,1569,1,8,3816,574.57
1670,1570,6,2,390,115.48
1671,1571,3,7,630,83.28
1672,1572,8,4,3868,819.26
1673,1573,7,1,777,211.31
1674,1574,7,3,1347,196.59
1675,1575,10,9,7272,500.32
1676,1576,1,6,5724,857.33
1677,1577,5,3,312,74.8
1678,1578,10,3,1947,239.63
1679,1579,3,6,1128,207.97
1680,1580,10,9,4158,672.32
1681,1581,9,6,2670,782.28
1682,1582,5,1,85,17.71
1683,1583,2,8,4136,1056.54
1684,1584,3,6,4332,348.61
1685,1585,7,8,1600,305.3
1686,1586,3,7,5075,471.21
1687,1587,3,6,4152,1065.46
1688,1588,1,7,5635,1665.01
1689,1589,6,3,3108,220.97
1690,1590,6,7,4270,1197.44
1691,1591,7,5,1350,321.9
1692,1592,9,3,330,81.86
1693,1593,4,6,4260,504.82
1694,1594,5,3,2712,751.52
1695,1595,8,1,328,46.23
1696,1596,8,8,7776,498.6
1697,1597,10,4,2896,522.82
1698,1598,3,2,1902,388.83
1699,1599,6,7,3255,814.85
1700,1600,9,3,633,162.4
1701,1601,3,7,6209,402.78
1702,1602,6,9,4698,1167.9
1703,1603,8,8,7424,1878.07
1704,1604,1,1,498,58.3
1705,1605,5,1,111,27.91
1706,1606,10,8,7520,1201.4
1707,1607,4,1,182,30.97
1708,1608,2,5,5890,309
1709,1609,10,4,3244,357.55
1710,1610,8,7,5229,1058.26
1711,1611,6,9,5202,1271.47
1712,1612,9,3,438,67.43
1713,1613,9,6,6900,1109.73
1714,1614,3,3,369,36.07
1715,1615,10,4,4140,1229.85
1716,1616,1,3,1086,188.65
1717,1617,2,2,2134,269.53
1718,1618,10,6,5310,637.81
1719,1619,5,6,2748,682.8
1720,1620,1,9,3357,405.61
1721,1621,6,9,10206,592.77
1722,1622,8,6,2970,425.9
1723,1623,2,4,1208,351.47
1724,1624,6,3,945,135.59
1725,1625,7,8,7040,996.02
1726,1626,8,4,3684,1009.1
1727,1627,5,2,1262,190.02
1728,1628,2,3,3504,807.65
1729,1629,1,6,4464,1122.37
1730,1630,10,4,1324,227.2
1731,1631,4,6,4140,451.27
1732,1632,2,8,2384,120.28
1733,1633,10,8,4624,1313.36
1734,1634,6,6,4812,662.54
1735,1635,3,6,5640,856.44
1736,1636,6,5,1840,307.09
1737,1637,9,7,8071,435.51
1738,1638,9,3,2400,297.07
1739,1639,6,6,3570,265.62
1740,1640,10,3,1758,245.92
1741,1641,7,4,3072,394.2
1742,1642,2,5,2185,136.1
1743,1643,8,8,7664,1251.65
1744,1644,5,5,1710,338.1
1745,1645,1,2,1878,386.28
1746,1646,3,1,569,141.33
1747,1647,6,3,1488,296.36
1748,1648,2,9,9918,1956.17
1749,1649,6,3,432,36.84
1750,1650,3,9,9828,1300.68
1751,1651,6,5,3625,245.52
1752,1652,6,3,2187,491.13
1753,1653,7,5,5105,1003.4
1754,1654,5,3,1392,345.78
1755,1655,8,2,744,110.81
1756,1656,6,4,1724,233.21
1757,1657,2,5,1940,423.17
1758,1658,2,4,356,59.15
1759,1659,7,5,1095,269.87
1760,1660,3,8,4064,543.9
1761,1661,6,7,5453,1592.37
1762,1662,7,8,7104,529.35
1763,1663,9,9,2745,660.56
1764,1664,4,5,1030,64.81
1765,1665,3,9,8973,471.86
1766,1666,9,2,794,128.5
1767,1667,1,6,2142,476.19
1768,1668,5,2,414,51.1
1769,1669,3,3,1416,220.7
1770,1670,3,3,2103,541.35
1771,1671,4,3,861,173.49
1772,1672,5,3,2367,222.26
1773,1673,3,5,2435,688.82
1774,1674,1,4,2456,163.61
1775,1675,10,4,3216,962.49
1776,1676,6,4,4324,833.11
1777,1677,2,4,2628,727.87
1778,1678,9,8,8992,2018.64
1779,1679,10,6,360,22.16
1780,1680,3,3,2067,479.39
1781,1681,2,9,3573,550.44
1782,1682,10,8,1800,142.86
1783,1683,1,8,3912,334.1
1784,1684,5,8,5640,747.26
1785,1685,3,1,552,115.74
1786,1686,2,7,1428,289.65
1787,1687,1,1,349,42.05
1788,1688,3,6,6402,1366.28
1789,1689,7,9,657,185.95
1790,1690,2,7,5327,950.7
1791,1691,9,4,4196,1152.45
1792,1692,10,4,2892,863.47
1793,1693,10,9,2772,432.77
1794,1694,6,6,4692,1044.97
1795,1695,2,6,2742,334.48
1796,1696,8,8,8896,1154.96
1797,1697,2,2,2344,385.19
1798,1698,5,7,4186,655.53
1799,1699,3,9,5238,1152.42
1800,1700,2,3,2982,452.22
1801,1701,6,4,2580,602.5
1802,1702,9,5,2675,671.6
1803,1703,1,4,2396,608.5
1804,1704,10,5,1600,242.25
1805,1705,6,4,304,34.73
1806,1706,9,9,2070,457.39
1807,1707,1,5,1230,158.23
1808,1708,4,6,6234,758.78
1809,1709,5,2,396,46.33
1810,1710,2,9,2349,244.18
1811,1711,5,9,5949,626.92
1812,1712,1,7,5957,1433.85
1813,1713,5,3,1989,299.79
1814,1714,2,1,1138,243.36
1815,1715,3,9,3321,689.64
1816,1716,4,4,4480,592.82
1817,1717,6,3,1533,440.88
1818,1718,2,1,109,10.35
1819,1719,8,4,2380,594.86
1820,1720,1,8,2592,432.37
1821,1721,10,6,5112,1289.47
1822,1722,6,8,9392,1753.08
1823,1723,10,2,2386,381.83
1824,1724,6,5,465,71.23
1825,1725,8,2,604,102.52
1826,1726,6,2,2216,650.27
1827,1727,2,4,1168,220.22
1828,1728,7,7,4088,230.43
1829,1729,9,7,2597,152.09
1830,1730,6,3,2151,322.03
1831,1731,10,6,462,71.22
1832,1732,2,7,5957,1077.86
1833,1733,8,6,6978,2028.63
1834,1734,5,1,282,72.5
1835,1735,4,1,157,27.65
1836,1736,7,8,3304,404.33
1837,1737,5,3,3051,201.26
1838,1738,2,9,8082,1783.55
1839,1739,10,3,510,110.38
1840,1740,3,8,3976,1170.36
1841,1741,8,9,828,59.99
1842,1742,5,7,2457,388.11
1843,1743,4,4,3924,298.07
1844,1744,5,2,2018,227.75
1845,1745,7,3,2043,479.9
1846,1746,1,5,1035,187.12
1847,1747,6,6,2724,675.53
1848,1748,4,1,1120,127.32
1849,1749,7,6,3438,631.95
1850,1750,6,5,3170,379.27
1851,1751,6,4,660,83.96
1852,1752,3,7,4669,1088.15
1853,1753,6,5,1045,89
1854,1754,9,4,2724,229.47
1855,1755,5,8,5312,1583
1856,1756,3,4,4252,445.18
1857,1757,1,7,8057,1652.27
1858,1758,9,7,2023,274.25
1859,1759,7,8,9416,2125.54
1860,1760,7,8,7560,494.34
1861,1761,7,2,828,50.07
1862,1762,2,1,527,27.45
1863,1763,9,2,1160,206.49
1864,1764,2,5,5430,310.86
1865,1765,3,7,6874,454.53
1866,1766,1,8,8952,1825.37
1867,1767,2,8,416,67.81
1868,1768,8,3,1680,140.27
1869,1769,2,7,4340,383.9
1870,1770,10,9,7650,2130.82
1871,1771,6,8,6328,412.76
1872,1772,9,2,1312,344
1873,1773,4,9,8055,2300.17
1874,1774,4,2,840,153.61
1875,1775,3,9,9423,2794.89
1876,1776,7,8,6520,1113.12
1877,1777,10,3,1950,116.12
1878,1778,4,6,5928,1177.2
1879,1779,4,7,4809,1418.72
1880,1780,8,4,356,23.4
1881,1781,10,2,570,94.39
1882,1782,7,7,7791,907.96
1883,1783,6,4,4168,494.48
1884,1784,3,2,684,183.85
1885,1785,8,7,3857,447.99
1886,1786,4,5,3250,699.99
1887,1787,1,6,1194,79.62
1888,1788,10,6,3486,320.91
1889,1789,7,7,1554,370.97
1890,1790,6,3,2601,463.36
1891,1791,5,4,3616,745.75
1892,1792,2,5,3350,986.33
1893,1793,6,5,2545,588.47
1894,1794,7,1,545,68.28
1895,1795,2,7,1470,178.85
1896,1796,4,3,3126,870.95
1897,1797,10,3,1368,302.29
1898,1798,5,9,7083,1353.39
1899,1799,1,2,1994,453.74
1900,1800,4,4,4716,1084.16
1901,1801,7,1,975,125.85
1902,1802,8,9,9891,1774.03
1903,1803,6,2,626,159.49
1904,1804,7,8,5632,1620.04
1905,1805,1,3,2568,734.6
1906,1806,3,7,5285,629.07
1907,1807,4,2,516,122.77
1908,1808,7,3,2139,503.08
1909,1809,10,9,8136,1923.89
1910,1810,10,5,2130,318.99
1911,1811,5,5,3445,202.15
1912,1812,3,8,5376,429.84
1913,1813,1,6,3006,730.14
1914,1814,5,7,3941,1113.85
1915,1815,7,5,3350,389.95
1916,1816,1,3,2019,265.44
1917,1817,5,8,2416,403.38
1918,1818,7,8,6160,684.71
1919,1819,1,4,2796,682.65
1920,1820,6,7,7700,1573.41
1921,1821,6,5,2095,193.93
1922,1822,4,5,5990,1548.62
1923,1823,6,2,1206,307.02
1924,1824,6,5,1330,285.78
1925,1825,4,6,2706,766.68
1926,1826,10,3,426,50.8
1927,1827,3,1,414,50.26
1928,1828,10,5,5465,546.33
1929,1829,3,3,726,71.06
1930,1830,6,1,1001,225.75
1931,1831,2,9,7362,1866.65
1932,1832,9,4,2284,576.59
1933,1833,3,4,2940,566.36
1934,1834,1,4,3068,868.89
1935,1835,8,3,3477,862.21
1936,1836,6,9,4014,204.48
1937,1837,7,8,7200,804.53
1938,1838,6,3,735,134.53
1939,1839,7,3,2964,446.54
1940,1840,4,9,3699,276.07
1941,1841,1,3,1563,221.62
1942,1842,2,2,124,32.27
1943,1843,2,2,416,71.68
1944,1844,4,8,2624,294.24
1945,1845,5,4,1636,134.85
1946,1846,5,8,8200,1978.93
1947,1847,2,5,5615,715.58
1948,1848,1,5,3085,413.52
1949,1849,9,6,3198,913.76
1950,1850,4,4,1848,374.66
1951,1851,6,4,652,116.06
1952,1852,2,6,2940,609.99
1953,1853,5,4,3912,454.89
1954,1854,3,8,9392,891.07
1955,1855,7,1,312,43.01
1956,1856,10,9,7731,1459.74
1957,1857,3,1,1081,229.32
1958,1858,8,6,1926,393.01
1959,1859,7,3,936,88.51
1960,1860,10,9,8550,1970.98
1961,1861,7,4,2468,457.51
1962,1862,3,3,801,90.34
1963,1863,10,9,2655,701.11
1964,1864,6,8,3928,700.38
1965,1865,7,8,6488,1438.34
1966,1866,5,9,7695,1749.26
1967,1867,5,2,1856,468.19
1968,1868,6,7,1519,403.63
1969,1869,3,3,3549,996.05
1970,1870,10,3,1656,378.84
1971,1871,9,7,812,175.55
1972,1872,2,5,3730,864.41
1973,1873,7,1,1161,210.87
1974,1874,5,3,2256,282.52
1975,1875,7,1,359,78.17
1976,1876,5,2,130,11.1
1977,1877,2,8,4248,831.54
1978,1878,4,5,1825,221.47
1979,1879,9,2,876,224.01
1980,1880,4,9,9180,2752.84
1981,1881,7,5,1765,160.89
1982,1882,7,2,1504,164.51
1983,1883,9,9,1881,430.78
1984,1884,9,9,7425,1533.72
1985,1885,3,9,720,192.83
1986,1886,8,5,2985,698.22
1987,1887,10,9,711,200.11
1988,1888,1,6,6276,1396.25
1989,1889,2,7,7966,955.8
1990,1890,5,8,4200,854.89
1991,1891,10,7,455,80
1992,1892,9,8,5040,465.36
1993,1893,2,1,856,87.69
1994,1894,7,5,5230,385.77
1995,1895,10,5,4635,769.03
1996,1896,10,6,5508,360.28
1997,1897,8,1,258,27.01
1998,1898,8,1,677,88.41
1999,1899,7,5,4545,755.05
2000,1900,8,5,4370,1255.36
2001,1901,9,3,372,57.51
2002,1902,4,9,3177,629.96
2003,1903,1,7,1659,127.48
2004,1904,3,3,3360,759.31
2005,1905,8,2,1132,290.56
2006,1906,6,5,1815,468.62
2007,1907,2,1,459,125.19
2008,1908,8,1,1128,73.74
2009,1909,7,6,1170,104.63
2010,1910,6,5,4420,380.69
2011,1911,8,6,456,69.15
2012,1912,3,2,1458,154.79
2013,1913,7,7,2989,197.58
2014,1914,4,4,3424,845.68
2015,1915,2,2,1226,124.25
2016,1916,10,8,6760,1097.63
2017,1917,8,1,111,13.61
2018,1918,1,5,3275,222.29
2019,1919,5,3,2508,498.69
2020,1920,9,8,904,202.35
2021,1921,1,3,1506,427.84
2022,1922,8,3,987,97.01
2023,1923,8,7,2968,728.94
2024,1924,2,5,4200,746.86
2025,1925,6,5,1645,313.66
2026,1926,1,3,3282,492.59
2027,1927,5,9,4914,1160.45
2028,1928,10,6,3924,762.96
2029,1929,5,6,420,65.62
2030,1930,1,4,1544,106.02
2031,1931,5,2,2046,233.47
2032,1932,5,2,1548,157.48
2033,1933,9,4,3184,478.27
2034,1934,1,5,3385,774.86
2035,1935,7,1,59,10.32
2036,1936,7,8,5976,1016.99
2037,1937,2,3,1791,122.5
2038,1938,6,2,1644,189.32
2039,1939,3,8,6584,544.62
2040,1940,5,5,1620,325.87
2041,1941,2,9,2736,407.22
2042,1942,7,4,1064,274.47
2043,1943,4,7,2667,363.5
2044,1944,5,3,735,217.79
2045,1945,10,1,58,11.25
2046,1946,4,7,3136,850.3
2047,1947,2,4,3936,374.34
2048,1948,8,9,6102,947.91
2049,1949,8,8,9408,552.44
2050,1950,2,9,7875,1243.56
2051,1951,9,9,9900,576.8
2052,1952,9,2,430,114.91
2053,1953,2,3,813,238.1
2054,1954,4,4,4176,980.11
2055,1955,4,4,3084,348.38
2056,1956,2,7,8008,1593.65
2057,1957,6,4,4608,963.5
2058,1958,5,4,4356,614.62
2059,1959,1,1,566,169.17
2060,1960,10,7,945,75.21
2061,1961,6,4,2200,484.33
2062,1962,2,1,746,131.25
2063,1963,7,5,3505,678.18
2064,1964,7,5,4795,819.12
2065,1965,7,5,4590,650.05
2066,1966,7,4,2092,467.02
2067,1967,2,8,3568,334.13
2068,1968,8,9,10404,2028.21
2069,1969,1,9,7029,1005.58
2070,1970,10,8,664,126.6
2071,1971,3,3,1923,274
2072,1972,1,7,2471,566.51
2073,1973,8,2,258,64.12
2074,1974,6,9,1134,267.26
2075,1975,5,5,855,238.83
2076,1976,6,9,3231,670.85
2077,1977,3,7,3591,266.59
2078,1978,4,2,254,20.48
2079,1979,8,5,5930,1193.32
2080,1980,5,2,1344,297.99
2081,1981,10,1,920,98.31
2082,1982,1,9,5454,385.51
2083,1983,10,8,9512,663.23
2084,1984,2,4,2972,827.46
2085,1985,6,3,3360,465.02
2086,1986,3,4,1004,240.13
2087,1987,5,2,1944,332.55
2088,1988,7,5,5055,1200.09
2089,1989,6,2,128,8.33
2090,1990,8,3,633,163.03
2091,1991,1,3,2523,506.7
2092,1992,1,1,196,39.6
2093,1993,1,9,4212,552.96
2094,1994,7,1,63,17.29
2095,1995,2,8,2752,394.66
2096,1996,2,3,1989,419.61
2097,1997,10,8,8032,466.19
2098,1998,3,6,3702,407.34
2099,1999,6,8,456,90.24
2100,2000,4,7,5355,1143.16
2101,2001,4,1,972,261.91
2102,2002,5,5,3290,797.82
2103,2003,10,1,735,139.31
2104,2004,3,3,3336,798.26
2105,2005,9,3,2082,346.53
2106,2006,9,2,1340,129.89
2107,2007,10,5,1160,227.13
2108,2008,7,4,1272,299.84
2109,2009,1,3,2817,588.47
2110,2010,7,3,1464,264.67
2111,2011,5,1,307,60.51
2112,2012,3,6,5706,1306.92
2113,2013,5,1,1112,100.47
2114,2014,9,1,1147,133.48
2115,2015,10,2,330,66.57
2116,2016,7,4,2176,250.89
2117,2017,5,7,7616,1317.79
2118,2018,1,1,1091,258.3
2119,2019,3,2,1026,279.76
2120,2020,3,2,210,42.04
2121,2021,1,2,180,10.78
2122,2022,3,4,380,72.88
2123,2023,7,8,7664,1580.55
2124,2024,8,8,6056,1029.9
2125,2025,2,6,606,104.52
2126,2026,7,3,750,193.86
2127,2027,1,2,1218,218.88
2128,2028,10,2,2162,355.45
2129,2029,5,9,2223,347.01
2130,2030,8,7,4452,920.05
2131,2031,1,1,184,50.19
2132,2032,5,3,288,77.38
2133,2033,4,2,834,150.12
2134,2034,9,5,4025,923.17
2135,2035,5,7,4732,1084.28
2136,2036,5,5,4025,407.72
2137,2037,1,8,2416,500.93
2138,2038,3,7,1897,524.69
2139,2039,2,4,840,190.13
2140,2040,2,8,6600,360.45
2141,2041,10,2,2362,342.27
2142,2042,5,6,2958,577.27
2143,2043,3,1,477,56.49
2144,2044,9,3,942,84.8
2145,2045,4,2,2084,586.72
2146,2046,3,6,4584,473.37
2147,2047,1,1,1118,319.28
2148,2048,2,9,4005,652.15
2149,2049,6,5,4610,1293.37
2150,2050,9,1,551,86.84
2151,2051,1,1,75,19.29
2152,2052,2,6,6576,1899.67
2153,2053,1,6,6432,1410.52
2154,2054,5,7,7763,1444.27
2155,2055,7,7,2240,622.29
2156,2056,5,6,5298,1209.88
2157,2057,6,2,116,32.27
2158,2058,3,8,6728,1140.19
2159,2059,7,5,490,55.59
2160,2060,7,7,2765,699.86
2161,2061,8,8,2680,598.97
2162,2062,4,2,2174,335.37
2163,2063,7,9,5562,1258.12
2164,2064,8,8,9208,2595.33
2165,2065,8,4,4512,546.71
2166,2066,4,9,7974,1965.96
2167,2067,7,6,4944,1335.04
2168,2068,1,3,1611,234.84
2169,2069,6,9,4599,618.89
2170,2070,10,6,4380,419.3
2171,2071,5,2,2376,580.26
2172,2072,7,9,6588,1800.9
2173,2073,2,5,3745,720.08
2174,2074,4,5,5305,1389.25
2175,2075,3,8,1608,332.12
2176,2076,7,9,4977,745.81
2177,2077,8,7,4529,273.97
2178,2078,4,7,4690,319.42
2179,2079,9,4,2424,544.07
2180,2080,9,6,3594,610.77
2181,2081,9,7,3962,491.9
2182,2082,4,2,944,149.38
2183,2083,6,6,6792,1787.97
2184,2084,3,7,6804,1383.81
2185,2085,4,6,816,98.75
2186,2086,7,6,5916,544.59
2187,2087,2,5,5730,310.58
2188,2088,5,7,8288,785.54
2189,2089,5,2,2046,394.93
2190,2090,3,9,5031,1149.48
2191,2091,9,9,1764,417.95
2192,2092,10,8,1880,486.88
2193,2093,6,2,200,10.45
2194,2094,2,3,2688,476.77
2195,2095,10,4,3216,213.81
2196,2096,4,8,8440,1504.18
2197,2097,3,7,1582,208.42
2198,2098,10,1,58,10.79
2199,2099,6,8,608,163.18
2200,2100,8,3,183,41.82
2201,2101,7,5,3105,744.26
2202,2102,7,5,2450,485.18
2203,2103,10,3,3024,622.29
2204,2104,1,4,3856,747.79
2205,2105,9,7,532,121.03
2206,2106,8,4,3152,307.62
2207,2107,7,9,8586,1555.82
2208,2108,7,2,1046,273.38
2209,2109,3,4,3452,560.31
2210,2110,7,4,2368,361.02
2211,2111,4,2,1924,422.25
2212,2112,10,5,4580,1148.06
2213,2113,5,5,3735,423.94
2214,2114,7,4,2476,417.16
2215,2115,10,2,162,16.51
2216,2116,1,3,258,38.03
2217,2117,9,4,3524,998.29
2218,2118,6,8,6184,1796.9
2219,2119,7,6,3750,645.69
2220,2120,2,5,1465,424.64
2221,2121,4,4,4480,412.05
2222,2122,10,8,1544,281.22
2223,2123,5,9,7974,1181.04
2224,2124,1,5,5920,1679.15
2225,2125,6,8,8792,2045.54
2226,2126,6,1,294,52.37
2227,2127,4,7,1169,264.37
2228,2128,4,8,9232,880.52
2229,2129,5,4,1396,135.48
2230,2130,4,9,10188,1408.18
2231,2131,7,2,222,23.65
2232,2132,7,2,1328,358.07
2233,2133,1,9,5085,488.63
2234,2134,2,3,1245,229.73
2235,2135,3,2,960,124.02
2236,2136,8,9,5553,329.79
2237,2137,9,2,1790,236.76
2238,2138,9,8,2712,247.84
2239,2139,10,1,632,89.14
2240,2140,5,8,4904,520.74
2241,2141,9,1,361,58.8
2242,2142,1,9,7290,841.07
2243,2143,6,4,2052,181.64
2244,2144,2,3,1842,112.85
2245,2145,2,9,10593,2488.69
2246,2146,4,6,1218,129.36
2247,2147,2,5,4240,426.41
2248,2148,9,2,226,38.52
2249,2149,4,6,5154,1072.8
2250,2150,2,6,1236,304.88
2251,2151,3,1,1179,159.42
2252,2152,1,5,2275,313.5
2253,2153,6,7,6188,1231.3
2254,2154,5,3,2946,666.99
2255,2155,5,5,5085,1172.12
2256,2156,9,2,712,205.53
2257,2157,6,6,648,62.25
2258,2158,2,5,2735,483.2
2259,2159,1,6,2910,173.45
2260,2160,6,1,263,69.39
2261,2161,8,2,876,66.68
2262,2162,2,1,913,162.24
2263,2163,10,9,594,93.92
2264,2164,5,2,956,202.14
2265,2165,10,7,7301,2026.43
2266,2166,5,6,5754,1628.61
2267,2167,5,4,1372,274.47
2268,2168,5,8,920,214.27
2269,2169,8,3,885,150.79
2270,2170,4,1,379,39.41
2271,2171,5,8,1024,201.92
2272,2172,9,4,4312,388.48
2273,2173,2,5,5030,540.73
2274,2174,8,2,1438,315.83
2275,2175,9,1,419,108.36
2276,2176,5,3,3519,935.72
2277,2177,3,8,2912,451.97
2278,2178,8,5,4005,226.09
2279,2179,6,5,2075,271.71
2280,2180,10,2,120,7.74
2281,2181,4,4,564,32.8
2282,2182,6,2,486,62.58
2283,2183,6,2,1488,342.87
2284,2184,10,6,3096,277.68
2285,2185,6,8,6488,1845.07
2286,2186,6,4,4284,848.44
2287,2187,6,8,1864,110.81
2288,2188,4,5,4435,954.12
2289,2189,4,4,3296,460.98
2290,2190,2,3,780,217.92
2291,2191,6,7,4396,962.61
2292,2192,9,6,1362,202.68
2293,2193,2,7,3843,378.03
2294,2194,1,2,2080,450.24
2295,2195,2,5,1210,201.45
2296,2196,1,3,2316,356.5
2297,2197,7,6,3366,614.22
2298,2198,3,9,6507,1075.51
2299,2199,2,1,384,35.36
2300,2200,10,5,3625,563.95
2301,2201,3,1,400,45.16
2302,2202,7,5,2880,209.58
2303,2203,1,6,1608,302.32
2304,2204,5,2,1574,196.84
2305,2205,9,3,2478,584.37
2306,2206,5,8,8872,1486.58
2307,2207,1,8,2320,668.63
2308,2208,5,3,171,9.02
2309,2209,9,8,4536,627.13
2310,2210,5,3,1308,73.28
2311,2211,10,4,4048,641.23
2312,2212,3,9,4041,963.58
2313,2213,5,5,5665,332.46
2314,2214,2,6,6876,1029.92
2315,2215,7,1,617,145.37
2316,2216,7,6,1440,130.4
2317,2217,6,8,472,116.36
2318,2218,10,5,5640,1227.77
2319,2219,5,6,2640,668.12
2320,2220,8,3,768,72.67
2321,2221,9,1,725,81.96
2322,2222,5,8,1080,210.69
2323,2223,5,1,393,40.34
2324,2224,6,4,1264,371.92
2325,2225,5,9,4797,1193.95
2326,2226,3,8,2080,151.14
2327,2227,4,4,3812,312.8
2328,2228,2,5,3695,463.57
2329,2229,2,1,1159,344.22
2330,2230,3,9,4149,605.52
2331,2231,9,2,1446,171.73
2332,2232,10,1,225,48.82
2333,2233,5,1,355,26.8
2334,2234,3,7,3164,166.4
2335,2235,6,1,498,38.67
2336,2236,5,5,1315,217.79
2337,2237,5,5,2805,438.89
2338,2238,7,5,5180,726.62
2339,2239,4,5,4045,203.35
2340,2240,10,9,8793,2262.43
2341,2241,5,8,2592,526.38
2342,2242,9,7,7819,1708.84
2343,2243,6,7,2919,325.35
2344,2244,1,3,768,85.37
2345,2245,8,2,1736,388.09
2346,2246,6,7,6293,389.22
2347,2247,5,6,3684,477.02
2348,2248,1,9,8370,1064.65
2349,2249,9,4,3788,875.54
2350,2250,10,8,8296,1884.18
2351,2251,3,5,325,21.01
2352,2252,4,2,2216,444.36
2353,2253,10,8,7064,1873.02
2354,2254,2,9,2538,575.41
2355,2255,5,1,1151,77.22
2356,2256,9,1,717,137.27
2357,2257,6,8,3048,444.3
2358,2258,9,3,2070,163.23
2359,2259,4,5,3630,537.93
2360,2260,3,7,896,219.98
2361,2261,3,7,1981,311.44
2362,2262,5,6,7140,605.22
2363,2263,7,5,1015,85.06
2364,2264,5,4,524,52.31
2365,2265,6,2,1678,372.78
2366,2266,3,4,3260,969.76
2367,2267,5,5,720,214.31
2368,2268,1,4,1792,417.99
2369,2269,3,9,3096,505.08
2370,2270,9,5,1400,273.39
2371,2271,6,4,508,37.94
2372,2272,3,7,2646,380.83
2373,2273,2,1,357,79.86
2374,2274,3,1,373,53.15
2375,2275,8,1,266,55.52
2376,2276,8,4,344,25.7
2377,2277,8,7,1806,308.92
2378,2278,1,9,7281,396.28
2379,2279,6,7,3094,463.72
2380,2280,9,2,252,67.37
2381,2281,4,9,2691,761.16
2382,2282,1,6,990,102.83
2383,2283,6,4,3236,655.18
2384,2284,10,4,1076,124.56
2385,2285,3,4,1428,160.54
2386,2286,9,5,1000,292.04
2387,2287,6,9,3429,998.82
2388,2288,7,5,4730,1416.1
2389,2289,7,6,6630,512.6
2390,2290,4,7,2296,138.93
2391,2291,7,7,7420,1107.31
2392,2292,1,7,2338,531.5
2393,2293,9,7,4039,420.29
2394,2294,10,2,990,76.87
2395,2295,10,1,733,54.11
2396,2296,8,3,2421,334.61
2397,2297,9,8,832,214.81
2398,2298,6,1,483,98.15
2399,2299,9,6,2508,480.48
2400,2300,9,7,4032,426.13
2401,2301,9,8,3208,840.97
2402,2302,6,6,3402,857.61
2403,2303,5,1,541,52.5
2404,2304,6,7,1806,129.6
2405,2305,5,3,2433,515.28
2406,2306,9,6,5880,454.19
2407,2307,2,3,3375,451.5
2408,2308,3,8,6960,1913.58
2409,2309,9,4,316,32.79
2410,2310,3,9,1404,89.43
2411,2311,9,9,5823,478.22
2412,2312,5,6,2790,719.15
2413,2313,3,7,1169,69.41
2414,2314,1,8,6016,406.13
2415,2315,6,7,7154,1177.51
2416,2316,9,2,370,102.74
2417,2317,7,1,430,113.57
2418,2318,6,1,946,280.53
2419,2319,3,8,984,73.84
2420,2320,9,9,1467,372.17
2421,2321,8,4,2444,155.42
2422,2322,2,9,8640,1254.3
2423,2323,6,9,3861,536.04
2424,2324,9,1,868,60.12
2425,2325,10,9,1746,260.5
2426,2326,1,1,915,129.08
2427,2327,6,9,3591,423
2428,2328,4,6,2562,612.36
2429,2329,6,9,5382,1037.04
2430,2330,6,4,2792,170.96
2431,2331,5,4,2160,631.9
2432,2332,7,7,6377,1332.86
2433,2333,8,8,5264,1051.5
2434,2334,10,2,1346,196.5
2435,2335,4,7,7301,1311.65
2436,2336,9,2,2016,198.26
2437,2337,10,6,1266,220.5
2438,2338,2,2,140,35.18
2439,2339,4,8,6520,1073.62
2440,2340,9,1,582,29.91
2441,2341,1,1,245,14.5
2442,2342,2,1,504,143.12
2443,2343,7,6,6834,1211.75
2444,2344,5,8,5712,1191.02
2445,2345,10,5,4485,347.99
2446,2346,5,8,2304,291.46
2447,2347,2,6,6576,815.56
2448,2348,9,9,10629,2843.54
2449,2349,4,1,706,153.59
2450,2350,5,1,977,103.82
2451,2351,6,4,776,73.16
2452,2352,3,4,3932,309.43
2453,2353,9,3,1263,368.46
2454,2354,9,8,7064,745.24
2455,2355,9,4,4740,746.77
2456,2356,1,7,4522,1137.23
2457,2357,3,7,2009,183.19
2458,2358,8,2,2110,548.12
2459,2359,2,1,95,6.97
2460,2360,6,1,384,83.58
2461,2361,3,3,3471,200.08
2462,2362,3,4,2048,507.01
2463,2363,7,8,9296,2581.06
2464,2364,10,8,5272,1188.16
2465,2365,5,1,619,127.58
2466,2366,10,1,448,53.2
2467,2367,9,9,5004,1313.13
2468,2368,9,4,4716,704.99
2469,2369,1,9,7506,827.17
2470,2370,9,7,4095,883.56
2471,2371,6,7,4459,1037.27
2472,2372,3,5,620,62.49
2473,2373,6,2,2362,185.89
2474,2374,1,2,606,154.99
2475,2375,4,4,1084,134.42
2476,2376,10,8,2880,315.87
2477,2377,10,8,4544,727.05
2478,2378,2,4,556,85.63
2479,2379,10,5,505,71.97
2480,2380,3,5,2595,774.2
2481,2381,5,5,2820,737.68
2482,2382,9,2,1018,297.21
2483,2383,10,4,944,176.56
2484,2384,3,1,610,44.99
2485,2385,4,4,912,81.65
2486,2386,7,9,10413,1738.63
2487,2387,1,8,2176,398.29
2488,2388,1,6,6108,1488.4
2489,2389,2,2,1148,173.89
2490,2390,7,8,8824,597.1
2491,2391,5,5,2240,159.58
2492,2392,4,2,1312,386.79
2493,2393,10,9,10620,2946.93
2494,2394,3,2,2178,574.4
2495,2395,7,3,1671,94.52
2496,2396,7,3,2025,355.59
2497,2397,2,6,2886,355.32
2498,2398,1,2,1868,307.32
2499,2399,5,4,3280,826.94
2500,2400,3,2,1768,375.86
2501,2401,4,7,6937,1753.02
2502,2402,6,6,3012,307.47
2503,2403,5,3,777,147.93
2504,2404,8,6,4056,452.14
2505,2405,1,4,3212,514.92
2506,2406,6,1,952,179.4
2507,2407,8,3,1674,106.24
2508,2408,6,5,4315,1019.91
2509,2409,2,7,1722,162.39
2510,2410,9,5,2895,334.35
2511,2411,3,2,1280,335.22
2512,2412,5,5,4295,414.42
2513,2413,1,6,4434,306.63
2514,2414,9,6,3816,623.78
2515,2415,5,7,6335,1137.08
2516,2416,2,3,315,78.41
2517,2417,4,2,626,168.82
2518,2418,6,1,1140,85.75
2519,2419,8,5,590,52.55
2520,2420,3,1,631,99.31
2521,2421,7,8,1944,134.94
2522,2422,8,6,5100,1461.79
2523,2423,9,6,1092,176.52
2524,2424,7,7,4662,1007.43
2525,2425,5,7,4312,1088.34
2526,2426,2,6,4056,815.1
2527,2427,5,3,534,120.53
2528,2428,1,5,3475,991.47
2529,2429,3,5,4880,829.03
2530,2430,3,8,8336,782.8
2531,2431,2,8,9232,490.66
2532,2432,8,3,2031,466.25
2533,2433,6,3,2412,640.35
2534,2434,8,1,1039,137.24
2535,2435,4,6,696,100.78
2536,2436,10,8,6160,1617.32
2537,2437,4,3,447,58.4
2538,2438,9,6,6102,364.82
2539,2439,4,9,5085,1372.83
2540,2440,10,7,3038,158.82
2541,2441,5,1,882,215.24
2542,2442,7,6,2490,720.06
2543,2443,4,1,635,101.09
2544,2444,10,1,1083,152.5
2545,2445,9,6,720,144.26
2546,2446,1,3,3111,382.52
2547,2447,6,6,1242,87.37
2548,2448,6,5,5845,978.75
2549,2449,6,1,835,131.7
2550,2450,7,2,2314,305.42
2551,2451,6,7,6041,776.09
2552,2452,2,3,369,19.22
2553,2453,3,5,1635,321.84
2554,2454,9,3,2067,465.39
2555,2455,8,6,7128,544.54
2556,2456,1,2,944,94.4
2557,2457,3,5,5160,698.15
2558,2458,8,8,8032,1987.82
2559,2459,4,2,376,99.16
2560,2460,8,7,4144,426.39
2561,2461,4,4,2228,293.25
2562,2462,3,1,1178,182.76
2563,2463,2,5,2505,303.61
2564,2464,6,4,1872,418.05
2565,2465,1,2,340,59.56
2566,2466,10,1,589,158.85
2567,2467,10,3,2598,560.82
2568,2468,3,1,502,92.31
2569,2469,10,3,3576,546.44
2570,2470,9,3,2412,468.27
2571,2471,1,5,1145,244.72
2572,2472,9,2,2116,159.3
2573,2473,10,1,707,100.16
2574,2474,2,9,657,109.39
2575,2475,10,5,5345,1060.46
2576,2476,3,8,4032,251.05
2577,2477,4,4,3840,552.57
2578,2478,7,5,575,47.35
2579,2479,10,9,9315,1808.68
2580,2480,2,7,3423,435.06
2581,2481,7,6,3942,748.74
2582,2482,10,2,574,70.16
2583,2483,5,6,3024,336.28
2584,2484,5,7,952,215.51
2585,2485,8,9,9090,937.69
2586,2486,3,2,1166,170.11
2587,2487,9,3,2925,433.95
2588,2488,4,5,3455,867.55
2589,2489,8,2,1614,331.3
2590,2490,2,7,1771,171.26
2591,2491,1,6,5658,1504.97
2592,2492,2,9,8460,1515.06
2593,2493,1,5,1925,570.93
2594,2494,10,6,2196,572.17
2595,2495,9,2,1696,500.56
2596,2496,1,9,6813,1966.66
2597,2497,9,5,3670,790.67
2598,2498,9,4,2936,204.55
2599,2499,7,5,5165,283.6
2600,2500,4,5,5940,467.31
2601,2501,6,6,2664,520.3
2602,2502,5,2,1198,134.39
2603,2503,5,4,1340,309.8
2604,2504,7,9,9657,1233.47
2605,2505,4,8,2592,191.66
2606,2506,4,4,1168,135.36
2607,2507,5,8,5920,1241.27
2608,2508,8,2,2260,268.47
2609,2509,1,8,7016,1490.07
2610,2510,5,6,546,79.94
2611,2511,10,1,839,228.72
2612,2512,3,8,5176,619.45
2613,2513,10,4,280,24.9
2614,2514,7,9,2097,210.59
2615,2515,2,6,4632,799.16
2616,2516,9,4,1088,283.61
2617,2517,4,2,1314,391.55
2618,2518,2,8,7960,804.11
2619,2519,1,8,2856,350.32
2620,2520,6,4,1680,385.92
2621,2521,7,4,4464,1069.63
2622,2522,8,6,2940,184.97
2623,2523,7,8,1272,344.45
2624,2524,1,6,1728,247.86
2625,2525,7,3,3153,563.56
2626,2526,8,4,2536,285.72
2627,2527,3,3,2508,431.53
2628,2528,3,1,123,12.36
2629,2529,8,3,2379,148.68
2630,2530,1,6,6924,1693.77
2631,2531,6,9,9054,644.36
2632,2532,4,9,9936,2797.45
2633,2533,8,1,393,41.05
2634,2534,1,2,308,35.32
2635,2535,3,5,4900,347.25
2636,2536,10,1,927,103.95
2637,2537,9,1,266,22.42
2638,2538,1,5,4750,1179.56
2639,2539,6,8,3272,460.82
2640,2540,2,5,4350,688.77
2641,2541,9,1,706,63.82
2642,2542,10,3,213,30.68
2643,2543,8,2,1614,376.31
2644,2544,2,8,6232,499.63
2645,2545,1,4,3864,717.45
2646,2546,5,3,2601,363.64
2647,2547,2,6,4944,758.46
2648,2548,1,4,4680,301.91
2649,2549,2,8,2112,418.58
2650,2550,7,6,7140,869.93
2651,2551,9,1,750,37.97
2652,2552,2,4,392,39.23
2653,2553,10,4,2408,721.8
2654,2554,7,2,2016,151.4
2655,2555,7,4,464,47.93
2656,2556,5,1,832,227.11
2657,2557,5,8,1296,374.8
2658,2558,8,1,300,45.81
2659,2559,7,6,2856,226.53
2660,2560,3,5,3380,287.05
2661,2561,3,5,400,86.52
2662,2562,4,1,722,49.7
2663,2563,10,4,4596,947.45
2664,2564,9,8,1176,313.58
2665,2565,4,2,644,45.72
2666,2566,8,8,544,40.78
2667,2567,7,2,586,101.64
2668,2568,9,5,3835,229.11
2669,2569,1,5,1415,358.39
2670,2570,9,9,1125,138.49
2671,2571,4,3,3399,489.36
2672,2572,7,6,5370,1501.06
2673,2573,9,3,2331,419.26
2674,2574,10,9,10728,1967.84
2675,2575,7,8,9056,1860.37
2676,2576,7,9,4581,250.06
2677,2577,4,3,1074,240.44
2678,2578,3,4,4572,1199.49
2679,2579,10,7,8141,651.16
2680,2580,1,4,604,180.93
2681,2581,2,2,906,59.06
2682,2582,5,7,1582,278.14
2683,2583,2,6,3306,216.91
2684,2584,5,1,847,237.41
2685,2585,1,6,3222,846.27
2686,2586,9,3,189,33.94
2687,2587,10,4,1224,348.91
2688,2588,4,7,5621,1390.73
2689,2589,3,6,966,246.21
2690,2590,3,9,1728,179.64
2691,2591,2,9,6138,1478.57
2692,2592,7,4,964,184.03
2693,2593,8,7,4697,976.26
2694,2594,8,2,1232,155.52
2695,2595,7,7,6384,734.79
2696,2596,2,4,780,162.72
2697,2597,1,4,1256,362.22
2698,2598,2,1,1162,220.93
2699,2599,2,8,7520,995.03
2700,2600,5,7,2387,463.92
2701,2601,9,8,2256,316.77
2702,2602,7,8,7792,913.12
2703,2603,10,8,3944,296.35
2704,2604,8,2,822,183.45
2705,2605,5,3,1962,469.94
2706,2606,1,4,1016,269.88
2707,2607,3,2,1980,125.99
2708,2608,5,4,3996,965.26
2709,2609,6,1,663,183.82
2710,2610,10,1,575,104.31
2711,2611,3,1,187,33.76
2712,2612,3,7,6216,378.24
2713,2613,4,1,189,19.02
2714,2614,3,2,358,41.46
2715,2615,9,6,6192,316.23
2716,2616,3,7,4382,592.46
2717,2617,9,2,1122,100.78
2718,2618,10,8,8192,2081.72
2719,2619,10,6,2658,200.79
2720,2620,3,6,606,127.68
2721,2621,7,8,448,45.43
2722,2622,1,3,1674,435.95
2723,2623,3,6,1944,366.18
2724,2624,7,6,1716,302.09
2725,2625,4,6,2982,445.01
2726,2626,10,9,7497,2241.59
2727,2627,5,3,1026,142.71
2728,2628,10,7,7392,2063.23
2729,2629,1,4,2604,271.22
2730,2630,6,6,1746,289.2
2731,2631,5,6,5682,1365.87
2732,2632,2,8,8664,2131.16
2733,2633,3,3,1887,363.42
2734,2634,8,7,6013,1544.51
2735,2635,6,2,1578,463.58
2736,2636,4,3,285,38.37
2737,2637,10,6,5448,963.82
2738,2638,1,2,1710,468.76
2739,2639,9,9,2817,432.67
2740,2640,8,9,9117,1780.52
2741,2641,6,2,274,42.37
2742,2642,9,6,6408,885.71
2743,2643,9,5,5755,1441.84
2744,2644,3,3,2262,245.66
2745,2645,5,7,1785,233.77
2746,2646,1,8,5128,657.87
2747,2647,4,8,5176,1400.82
2748,2648,9,5,1510,331.76
2749,2649,9,1,947,77.21
2750,2650,8,9,5427,731.33
2751,2651,6,4,4560,507.87
2752,2652,3,6,2100,268.4
2753,2653,10,1,1054,288.15
2754,2654,6,6,7026,1814.21
2755,2655,4,9,513,151.87
2756,2656,5,2,2244,353.83
2757,2657,8,5,1785,134.95
2758,2658,9,5,725,77.91
2759,2659,8,4,2516,689.29
2760,2660,7,8,6256,1152.99
2761,2661,4,2,452,74.34
2762,2662,10,7,5285,1338.58
2763,2663,8,6,4872,786.79
2764,2664,9,5,2495,164.56
2765,2665,7,1,442,82.73
2766,2666,1,9,8595,1312.19
2767,2667,9,4,3528,411.5
2768,2668,10,7,7777,746.84
2769,2669,6,4,2008,451.68
2770,2670,2,2,596,41.37
2771,2671,6,9,4950,1402.67
2772,2672,9,2,630,86.07
2773,2673,4,6,6144,754.18
2774,2674,7,1,140,24.21
2775,2675,5,2,2014,215.06
2776,2676,2,2,384,99.02
2777,2677,1,7,3780,351.51
2778,2678,7,7,5047,915.75
2779,2679,5,3,2658,175.89
2780,2680,2,8,528,53.91
2781,2681,9,9,6507,1045.14
2782,2682,4,7,5887,1035.5
2783,2683,5,8,8224,1679.16
2784,2684,10,3,723,115.25
2785,2685,2,2,2272,504.72
2786,2686,9,9,8640,1963.34
2787,2687,4,8,2984,631.81
2788,2688,8,2,606,150.95
2789,2689,7,2,170,48.69
2790,2690,5,9,5283,1550.3
2791,2691,6,6,1350,356.88
2792,2692,5,4,2500,467.34
2793,2693,4,4,4648,689.85
2794,2694,1,5,650,93.41
2795,2695,7,2,1538,97.15
2796,2696,6,4,3928,325.32
2797,2697,5,2,2258,175.86
2798,2698,7,9,2988,447.93
2799,2699,5,8,4136,810.82
2800,2700,2,7,3605,387.82
2801,2701,6,3,1656,469.28
2802,2702,1,8,7072,2113.06
2803,2703,9,8,5368,542.52
2804,2704,10,4,1356,374.79
2805,2705,1,6,1326,338.66
2806,2706,1,1,730,55.72
2807,2707,5,4,4664,294.05
2808,2708,10,8,3528,593.11
2809,2709,2,3,1497,190.59
2810,2710,3,3,2628,781.94
2811,2711,10,4,4196,655.29
2812,2712,7,7,1204,317.12
2813,2713,1,7,7119,1555.05
2814,2714,3,8,1848,351.02
2815,2715,3,4,2232,531.12
2816,2716,2,6,5190,898.86
2817,2717,8,3,1830,403.42
2818,2718,2,1,1033,302.68
2819,2719,6,7,2324,611.7
2820,2720,9,2,1942,235.42
2821,2721,1,7,5740,1615.9
2822,2722,6,9,6435,1096.88
2823,2723,2,2,1168,172.18
2824,2724,3,9,7362,441.36
2825,2725,6,2,862,105.97
2826,2726,2,1,956,167.16
2827,2727,8,7,4438,770.3
2828,2728,9,9,972,100
2829,2729,9,2,1816,129.24
2830,2730,7,4,596,105.89
2831,2731,2,9,1233,346.9
2832,2732,5,1,1055,88.61
2833,2733,3,2,952,112.39
2834,2734,2,1,312,40.47
2835,2735,3,2,294,35.05
2836,2736,6,2,474,120.91
2837,2737,4,2,788,195.15
2838,2738,2,8,2760,156.53
2839,2739,10,4,908,219.79
2840,2740,8,1,593,133.01
2841,2741,5,6,1698,193.42
2842,2742,1,1,546,124.1
2843,2743,10,5,4380,275.84
2844,2744,4,4,2472,594.62
2845,2745,8,4,1996,396.63
2846,2746,4,5,2525,699.74
2847,2747,5,9,4041,517.23
2848,2748,9,3,858,246.86
2849,2749,9,9,4221,1238.6
2850,2750,3,2,858,73.49
2851,2751,9,1,776,172.19
2852,2752,10,7,3654,871.81
2853,2753,5,3,384,45.99
2854,2754,1,5,535,43.47
2855,2755,5,9,7992,1979.53
2856,2756,2,7,3892,350.57
2857,2757,3,3,2637,468.6
2858,2758,2,8,8664,2349.68
2859,2759,6,6,918,116.87
2860,2760,7,5,5625,1006.95
2861,2761,3,6,6030,511.7
2862,2762,1,8,432,98.44
2863,2763,10,6,1884,190.58
2864,2764,10,9,9225,2526.27
2865,2765,1,2,954,71
2866,2766,6,8,7072,1983.42
2867,2767,8,3,342,89.67
2868,2768,1,4,2440,410.86
2869,2769,2,5,510,82.47
2870,2770,8,1,192,16.47
2871,2771,2,5,3600,712.3
2872,2772,4,7,2597,766.32
2873,2773,4,4,772,215.62
2874,2774,2,2,646,180.5
2875,2775,8,7,2947,809.46
2876,2776,10,5,880,255.9
2877,2777,4,3,1038,219.69
2878,2778,1,1,714,209.69
2879,2779,10,4,1792,506.56
2880,2780,5,6,5874,1386.51
2881,2781,6,6,2496,332.08
2882,2782,6,3,795,60.34
2883,2783,8,7,7238,1597.03
2884,2784,3,1,430,83.33
2885,2785,5,4,1728,239.64
2886,2786,7,3,1833,314.79
2887,2787,7,7,7280,1682.79
2888,2788,6,1,814,197.91
2889,2789,1,8,4696,410.03
2890,2790,2,5,1190,235.64
2891,2791,1,1,591,39.06
2892,2792,2,9,8100,2203.56
2893,2793,10,6,1500,183.31
2894,2794,6,2,300,48.69
2895,2795,6,9,1098,106.97
2896,2796,7,4,2336,509.49
2897,2797,4,5,410,40.96
2898,2798,2,9,594,51.49
2899,2799,6,2,218,38.93
2900,2800,3,2,1298,123.9
2901,2801,3,5,895,180.64
2902,2802,9,4,2828,539.43
2903,2803,3,3,813,188.94
2904,2804,7,4,1800,170.19
2905,2805,3,1,99,12.79
2906,2806,5,8,7576,1703.42
2907,2807,6,3,1317,71.02
2908,2808,6,3,957,120.27
2909,2809,2,4,1316,244.13
2910,2810,5,6,5346,351.93
2911,2811,8,1,464,66.26
2912,2812,9,7,3752,835.34
2913,2813,9,6,1962,301.57
2914,2814,8,6,2310,202.98
2915,2815,3,4,3028,685.23
2916,2816,7,3,2994,877.92
2917,2817,3,3,3393,313.45
2918,2818,4,3,1209,320.61
2919,2819,9,8,5784,1276.57
2920,2820,10,9,3078,285.05
2921,2821,1,4,2464,602.3
2922,2822,4,5,2445,146.6
2923,2823,9,8,5312,841.13
2924,2824,9,1,657,101.85
2925,2825,9,3,2580,173.89
2926,2826,10,8,4624,893.74
2927,2827,6,2,1258,146.7
2928,2828,4,7,6468,398.23
2929,2829,7,3,1359,152.85
2930,2830,10,1,104,18.67
2931,2831,5,3,1785,93.17
2932,2832,7,8,7728,1748.26
2933,2833,8,6,4188,1231.16
2934,2834,6,8,3520,359.84
2935,2835,4,3,2280,365.17
2936,2836,1,9,2484,655.54
2937,2837,3,3,1248,348.19
2938,2838,6,2,850,59.92
2939,2839,1,4,1412,150.13
2940,2840,5,1,465,26.5
2941,2841,1,1,293,29.58
2942,2842,3,9,9234,2523.67
2943,2843,3,2,1298,239.45
2944,2844,1,9,9477,2443.62
2945,2845,1,7,6713,457.99
2946,2846,10,5,5700,999.26
2947,2847,4,6,4146,700.46
2948,2848,3,8,6968,704.55
2949,2849,4,2,1054,243.5
2950,2850,9,3,1983,453.09
2951,2851,9,5,875,70.72
2952,2852,1,2,268,63.01
2953,2853,5,6,5370,1045.1
2954,2854,7,8,3624,1071.43
2955,2855,6,4,1932,301.16
2956,2856,8,7,6020,384.74
2957,2857,5,5,1775,234.67
2958,2858,6,3,1488,382.09
2959,2859,9,6,6720,1113.56
2960,2860,2,7,5047,1356.23
2961,2861,3,5,3735,957.13
2962,2862,9,5,1250,120.74
2963,2863,3,7,2751,548.05
2964,2864,10,9,468,58.98
2965,2865,1,4,632,114.82
2966,2866,9,7,798,219.2
2967,2867,6,5,1295,104.26
2968,2868,4,4,3360,540.38
2969,2869,4,5,995,206.95
2970,2870,6,5,550,28.72
2971,2871,7,8,5384,724.8
2972,2872,1,3,3534,489.06
2973,2873,8,9,6813,890.05
2974,2874,6,6,5508,1632.37
2975,2875,5,1,966,202.53
2976,2876,2,4,460,92.24
2977,2877,8,6,7026,459.4
2978,2878,8,5,910,116.47
2979,2879,7,9,5796,1729.18
2980,2880,7,3,1050,292.64
2981,2881,2,1,1043,151.13
2982,2882,1,3,3330,503.85
2983,2883,2,8,1896,448.53
2984,2884,4,5,5170,1248.66
2985,2885,1,2,466,25.04
2986,2886,2,8,6032,1636.61
2987,2887,4,1,1084,103.06
2988,2888,9,2,490,45.34
2989,2889,7,6,558,57.01
2990,2890,7,4,4024,787.06
2991,2891,2,4,1560,461.15
2992,2892,10,1,126,26.62
2993,2893,2,7,4921,827.87
2994,2894,5,5,2665,532.76
2995,2895,5,4,200,58.42
2996,2896,6,2,186,32.48
2997,2897,7,8,5456,898.06
2998,2898,6,9,3321,540.67
2999,2899,5,7,3766,914.49
3000,2900,9,6,3150,498.63
3001,2901,10,2,646,110.13
3002,2902,8,5,2665,369.73
3003,2903,6,9,1467,384.22
3004,2904,3,7,4620,990.79
3005,2905,3,8,1184,148.69
3006,2906,4,1,113,20.07
3007,2907,1,8,3336,492.76
3008,2908,8,4,4224,477.33
3009,2909,5,3,1098,144.24
3010,2910,4,8,4400,351.82
3011,2911,1,8,5616,723.42
3012,2912,1,7,4676,520.38
3013,2913,6,2,2370,641.23
3014,2914,2,7,4487,688.76
3015,2915,4,6,6384,1754.15
3016,2916,9,8,2960,878.11
3017,2917,6,1,897,250.78
3018,2918,8,2,1178,120.51
3019,2919,6,2,1026,64.51
3020,2920,1,1,1148,89.04
3021,2921,1,7,3185,765.41
3022,2922,8,7,5180,463.35
3023,2923,5,5,2025,295.13
3024,2924,3,9,1359,187.72
3025,2925,4,4,1836,462.52
3026,2926,3,2,702,112.04
3027,2927,8,8,6576,1337.38
3028,2928,6,2,1428,398.24
3029,2929,4,7,6853,1259.03
3030,2930,4,2,1492,276.56
3031,2931,1,6,1938,146.73
3032,2932,4,5,905,70.91
3033,2933,1,3,2571,510.01
3034,2934,3,4,1500,127.81
3035,2935,6,9,8712,1034.27
3036,2936,7,4,1308,368.28
3037,2937,8,4,2648,707.32
3038,2938,4,9,9810,1666.96
3039,2939,5,3,3291,274.1
3040,2940,6,1,758,96.44
3041,2941,9,7,2436,715.14
3042,2942,6,7,560,163.16
3043,2943,8,8,4240,519.72
3044,2944,7,8,5416,403.52
3045,2945,8,8,1728,477.7
3046,2946,9,9,6309,801.15
3047,2947,9,8,3400,758.57
3048,2948,10,1,403,72.45
3049,2949,9,4,2108,375.62
3050,2950,5,2,1090,296.12
3051,2951,9,7,1274,317.92
3052,2952,2,3,1056,70.54
3053,2953,2,9,5247,921.09
3054,2954,2,7,6006,1595.22
3055,2955,7,5,5415,1261.65
3056,2956,8,1,632,81.54
3057,2957,1,8,6160,947.96
3058,2958,1,1,857,172.91
3059,2959,3,1,169,22.99
3060,2960,3,7,1463,175.13
3061,2961,4,8,7528,1283.07
3062,2962,6,2,1158,227.61
3063,2963,7,4,200,20.25
3064,2964,8,2,1514,180.67
3065,2965,6,7,2632,738.93
3066,2966,9,1,358,77.84
3067,2967,4,8,2360,653.3
3068,2968,9,5,5275,594.29
3069,2969,7,9,1719,251.85
3070,2970,8,6,1956,434.03
3071,2971,9,3,1875,152.07
3072,2972,7,4,984,157.72
3073,2973,4,4,3616,789.63
3074,2974,3,5,4560,1180.8
3075,2975,8,8,7496,2019.32
3076,2976,4,5,5070,889.97
3077,2977,6,5,4505,1351.28
3078,2978,3,2,1916,503.83
3079,2979,4,7,8113,1103.57
3080,2980,10,9,1809,392.44
3081,2981,10,3,1227,229.75
3082,2982,10,6,2040,124.65
3083,2983,3,6,6324,629.2
3084,2984,1,3,2724,521.24
3085,2985,10,1,1188,110.32
3086,2986,9,8,8776,1561.07
3087,2987,10,9,5553,1432.76
3088,2988,8,2,970,262.19
3089,2989,9,5,940,56.7
3090,2990,1,1,1175,171.51
3091,2991,10,9,4860,1425.54
3092,2992,5,1,987,207.69
3093,2993,4,7,2968,485.13
3094,2994,2,3,2172,364.77
3095,2995,5,7,3941,628.96
3096,2996,5,7,2261,566.36
3097,2997,6,9,8802,2519.93
3098,2998,1,5,3025,172.43
3099,2999,1,4,4428,600.55
3100,3000,2,9,7344,1417.84
3101,3001,9,4,2236,167.78
3102,3002,8,8,536,57.08
3103,3003,7,5,1980,249.22
3104,3004,1,6,2100,202.86
3105,3005,6,3,1497,122.76
3106,3006,10,6,4200,1013.7
3107,3007,5,2,1242,191.82
3108,3008,6,5,1570,312.81
3109,3009,7,4,428,86.62
3110,3010,1,1,914,270.74
3111,3011,3,3,465,98.93
3112,3012,6,2,1062,83.49
3113,3013,4,8,8720,1984.11
3114,3014,2,6,1308,343.61
3115,3015,5,9,8514,1291.97
3116,3016,3,2,1212,151.07
3117,3017,5,4,2576,503.57
3118,3018,9,8,4800,606.19
3119,3019,6,5,1440,274.54
3120,3020,6,9,10251,737.45
3121,3021,8,7,3038,570.98
3122,3022,7,9,6993,1945.56
3123,3023,7,4,1632,247.88
3124,3024,9,9,5706,1704.8
3125,3025,4,9,9657,1187.22
3126,3026,6,5,4405,450.83
3127,3027,9,4,1720,360.78
3128,3028,4,7,4557,234.62
3129,3029,5,7,2380,431.43
3130,3030,5,8,456,74.99
3131,3031,4,6,6534,355.03
3132,3032,8,6,3456,307.46
3133,3033,9,9,8163,2352.46
3134,3034,5,6,4656,601.71
3135,3035,8,2,966,241.54
3136,3036,2,4,2580,669.67
3137,3037,4,9,8127,1906.5
3138,3038,6,4,2128,614.05
3139,3039,8,9,6417,1100.52
3140,3040,9,7,3997,494.78
3141,3041,10,1,879,149.52
3142,3042,10,3,2415,538.39
3143,3043,4,4,1064,314.84
3144,3044,2,4,1156,326.92
3145,3045,8,1,1184,218.27
3146,3046,9,3,1950,211.16
3147,3047,10,4,1088,295.09
3148,3048,1,6,4380,522.3
3149,3049,4,1,998,196.17
3150,3050,8,6,5766,675.17
3151,3051,3,6,3120,274.65
3152,3052,1,7,637,68.11
3153,3053,10,6,3306,697.74
3154,3054,7,6,7020,726.72
3155,3055,4,7,5971,502.14
3156,3056,10,2,750,77.68
3157,3057,3,3,2379,523
3158,3058,4,1,699,108.94
3159,3059,4,9,6876,1895.24
3160,3060,7,8,1800,494.02
3161,3061,3,5,1255,236.25
3162,3062,6,9,1998,343.58
3163,3063,5,1,307,80.19
3164,3064,1,1,235,54.87
3165,3065,7,6,1506,407.73
3166,3066,3,8,2464,216.51
3167,3067,6,2,322,42.03
3168,3068,1,4,1100,100.02
3169,3069,9,4,2188,265.54
3170,3070,1,9,2934,473.34
3171,3071,5,8,9224,514.06
3172,3072,7,4,2436,142.81
3173,3073,6,4,972,97.55
3174,3074,10,6,5484,540.4
3175,3075,4,8,3152,337.36
3176,3076,9,8,6032,870.17
3177,3077,4,7,6384,1324.49
3178,3078,1,5,3705,707.08
3179,3079,6,6,5580,394.03
3180,3080,4,2,1236,120.74
3181,3081,4,8,7040,1969.93
3182,3082,4,9,909,138.04
3183,3083,2,1,106,7.24
3184,3084,6,1,281,67.85
3185,3085,4,6,6768,1851.01
3186,3086,10,6,4302,276.35
3187,3087,8,9,7146,2125.44
3188,3088,8,3,582,48.08
3189,3089,5,6,576,162.75
3190,3090,9,5,4265,796.12
3191,3091,6,8,5368,333.53
3192,3092,5,1,314,66.23
3193,3093,3,6,2676,646.7
3194,3094,10,4,3384,947.52
3195,3095,2,6,3186,794.94
3196,3096,6,4,1832,528.69
3197,3097,1,8,4784,769.91
3198,3098,3,1,381,63.18
3199,3099,8,9,4527,677.34
3200,3100,1,4,1612,240.42
3201,3101,1,2,1918,435.56
3202,3102,4,1,179,42.37
3203,3103,6,3,3153,224.29
3204,3104,3,8,3864,855.75
3205,3105,1,5,2440,570.78
3206,3106,4,6,3660,675.38
3207,3107,6,3,318,49.93
3208,3108,2,3,483,63.27
3209,3109,5,6,6774,960.41
3210,3110,7,5,5310,806.12
3211,3111,9,6,5154,779.43
3212,3112,9,9,6741,823.17
3213,3113,4,2,520,61.33
3214,3114,3,7,1120,111.79
3215,3115,9,1,911,155.3
3216,3116,7,8,1064,190.73
3217,3117,10,7,1981,404.3
3218,3118,4,5,4280,540.47
3219,3119,6,5,5125,268.39
3220,3120,7,7,1575,313.96
3221,3121,3,9,9972,1868.64
3222,3122,8,8,4576,900.04
3223,3123,7,7,6559,1141.32
3224,3124,3,1,619,35.36
3225,3125,5,8,2488,151.95
3226,3126,2,4,2536,148.85
3227,3127,3,8,5416,297.5
3228,3128,6,2,2334,158.07
3229,3129,4,9,1080,183.42
3230,3130,3,4,1324,127.07
3231,3131,4,2,2304,444.08
3232,3132,8,4,4736,1026.24
3233,3133,2,9,2925,457.49
3234,3134,10,9,6345,1627.26
3235,3135,5,9,4221,912.84
3236,3136,5,7,462,56.89
3237,3137,7,7,7588,1625.55
3238,3138,9,6,5232,1270.64
3239,3139,4,8,1440,402.06
3240,3140,7,2,1026,226.4
3241,3141,4,7,7455,1008.42
3242,3142,1,8,2456,404.35
3243,3143,4,3,2859,404.56
3244,3144,9,1,311,50.66
3245,3145,1,9,1260,246.6
3246,3146,9,1,466,102.48
3247,3147,10,3,867,58.2
3248,3148,7,6,3888,275.72
3249,3149,3,4,3032,347.2
3250,3150,3,7,4704,978.81
3251,3151,1,3,3186,527.75
3252,3152,1,9,6183,359.54
3253,3153,6,1,243,21.75
3254,3154,8,3,897,235.67
3255,3155,5,9,4563,675.62
3256,3156,10,4,628,156.98
3257,3157,7,6,1050,172.83
3258,3158,7,8,3032,278.85
3259,3159,9,1,920,118.24
3260,3160,10,2,668,90.67
3261,3161,2,5,5990,1403.53
3262,3162,3,9,9324,1223.9
3263,3163,9,8,5768,368.49
3264,3164,10,1,1123,318.09
3265,3165,9,4,2336,453.04
3266,3166,10,6,438,26.03
3267,3167,3,6,5940,318.72
3268,3168,4,3,1848,549.34
3269,3169,9,3,2118,321.05
3270,3170,8,3,231,36.73
3271,3171,5,6,978,182.46
3272,3172,7,5,4960,420.98
3273,3173,4,3,1377,330.44
3274,3174,4,2,1958,227.77
3275,3175,2,7,5607,1288.04
3276,3176,6,6,3504,980.7
3277,3177,2,4,796,75.15
3278,3178,7,1,342,37.64
3279,3179,7,7,6769,1549.67
3280,3180,5,9,10080,1794.73
3281,3181,6,7,3948,758.36
3282,3182,5,4,1488,74.52
3283,3183,2,5,1200,201.8
3284,3184,6,4,4476,977.6
3285,3185,7,1,1178,292.15
3286,3186,6,8,2888,149.92
3287,3187,8,6,1704,193.18
3288,3188,1,8,4200,1017.94
3289,3189,9,7,4417,562.79
3290,3190,4,4,764,178.83
3291,3191,5,4,4000,964.43
3292,3192,7,9,2331,558
3293,3193,2,9,8172,1296.29
3294,3194,10,1,761,61.15
3295,3195,4,2,494,56.41
3296,3196,5,2,194,52.16
3297,3197,3,6,5820,1423.67
3298,3198,4,5,410,121.77
3299,3199,8,6,1254,360.87
3300,3200,3,6,3432,452.4
3301,3201,4,4,3792,997.99
3302,3202,3,7,546,117.9
3303,3203,6,3,1452,217.06
3304,3204,9,8,9296,1556.05
3305,3205,2,1,1160,149.81
3306,3206,10,6,4728,682.01
3307,3207,4,6,1836,508.81
3308,3208,6,7,6237,1784.89
3309,3209,10,5,5845,941.79
3310,3210,7,9,6138,851.14
3311,3211,4,2,1416,136.75
3312,3212,9,3,1851,348.9
3313,3213,1,9,7452,1259.82
3314,3214,3,5,1630,190.38
3315,3215,4,6,4800,930.44
3316,3216,6,1,61,16.11
3317,3217,7,6,942,80.27
3318,3218,8,8,7640,1663.63
3319,3219,4,5,4540,939.71
3320,3220,5,1,1030,190.47
3321,3221,1,2,384,30.84
3322,3222,6,8,8560,991.94
3323,3223,4,9,1557,117.36
3324,3224,3,7,707,124.59
3325,3225,2,5,3405,476.39
3326,3226,3,6,4722,522.16
3327,3227,5,2,2150,625.93
3328,3228,7,7,3619,827.39
3329,3229,6,4,3892,909.22
3330,3230,4,1,54,13.29
3331,3231,9,1,612,136.25
3332,3232,7,5,3850,419.55
3333,3233,4,5,3005,389.93
3334,3234,5,9,5256,1296.65
3335,3235,1,6,3576,1033.3
3336,3236,3,5,3415,496.48
3337,3237,4,3,1722,203.04
3338,3238,2,8,4088,853.36
3339,3239,5,5,5320,882.84
3340,3240,2,6,3660,1079
3341,3241,4,6,5250,1228.49
3342,3242,10,4,328,90.89
3343,3243,8,7,1596,359.71
3344,3244,1,7,2443,661.21
3345,3245,6,7,5432,870.08
3346,3246,1,3,1254,221.19
3347,3247,3,5,5495,1276.27
3348,3248,5,4,596,72.65
3349,3249,1,6,3696,597.66
3350,3250,2,6,4488,939.05
3351,3251,4,6,6846,932.21
3352,3252,2,8,2960,607.64
3353,3253,8,1,419,99.5
3354,3254,10,6,6246,327.14
3355,3255,3,4,1900,372.18
3356,3256,7,7,3451,397.29
3357,3257,8,2,1612,344.37
3358,3258,10,5,4445,642.83
3359,3259,6,5,720,63.84
3360,3260,2,2,1428,234.49
3361,3261,3,4,3532,665.2
3362,3262,4,6,6528,549.62
3363,3263,7,1,743,216.5
3364,3264,6,6,1758,287.36
3365,3265,5,8,1008,100.61
3366,3266,8,1,995,149.86
3367,3267,9,9,4032,876.91
3368,3268,8,6,480,131.08
3369,3269,10,1,989,149.99
3370,3270,8,9,6606,759.55
3371,3271,6,6,912,256.58
3372,3272,2,4,2912,331.11
3373,3273,4,5,845,69.35
3374,3274,7,4,2804,382.82
3375,3275,10,2,208,11.53
3376,3276,6,1,379,42.24
3377,3277,2,3,1227,113.38
3378,3278,5,7,5551,392.37
3379,3279,5,1,423,115.44
3380,3280,5,6,5982,944.81
3381,3281,8,4,3732,468.6
3382,3282,1,9,5904,1152.23
3383,3283,5,5,1810,171.47
3384,3284,8,6,5604,615.07
3385,3285,10,2,432,81.31
3386,3286,9,2,416,68.58
3387,3287,7,8,1224,281.43
3388,3288,1,8,5168,672.6
3389,3289,7,6,6522,502.98
3390,3290,9,5,1090,140.7
3391,3291,10,3,1737,353.17
3392,3292,1,9,7281,1358.17
3393,3293,6,9,5832,1007.54
3394,3294,1,9,7020,623.97
3395,3295,2,3,2001,420.08
3396,3296,7,2,1832,489.21
3397,3297,6,6,3372,934.42
3398,3298,3,6,3384,503.86
3399,3299,7,1,351,31.95
3400,3300,4,2,2092,549.42
3401,3301,7,7,1309,138.46
3402,3302,9,9,6696,407.36
3403,3303,9,5,1020,162.36
3404,3304,9,8,8240,2006.72
3405,3305,5,9,9810,1008.6
3406,3306,3,1,853,97.5
3407,3307,4,4,4416,1081.53
3408,3308,5,8,3832,741.44
3409,3309,7,4,1876,221.18
3410,3310,10,3,2634,392.21
3411,3311,10,1,1027,259.92
3412,3312,1,5,3100,911.86
3413,3313,2,1,104,29.67
3414,3314,2,2,1590,147.2
3415,3315,4,4,1104,63.57
3416,3316,8,3,1851,198.71
3417,3317,8,2,1408,193.09
3418,3318,10,7,4641,1341.98
3419,3319,3,7,2611,539.37
3420,3320,10,4,3824,711.92
3421,3321,8,2,2042,501.34
3422,3322,3,6,6378,1408.28
3423,3323,4,4,4692,409.07
3424,3324,10,6,6234,1829.07
3425,3325,8,4,1852,535.07
3426,3326,7,3,3075,804.06
3427,3327,1,5,370,92.45
3428,3328,9,6,624,66.99
3429,3329,6,2,1734,310.76
3430,3330,1,9,2268,361.62
3431,3331,4,5,3670,924.95
3432,3332,6,7,4634,1358.44
3433,3333,5,9,1440,94.41
3434,3334,10,6,5136,1225.4
3435,3335,8,1,166,31.72
3436,3336,9,3,1422,328.98
3437,3337,5,8,1832,532.97
3438,3338,1,1,668,94.08
3439,3339,4,6,1272,336.3
3440,3340,9,8,984,72.54
3441,3341,1,7,7896,484.76
3442,3342,8,1,636,42.4
3443,3343,10,3,2031,450.23
3444,3344,2,9,3186,483.22
3445,3345,5,1,134,33.12
3446,3346,3,5,1765,347.42
3447,3347,9,4,3628,717.81
3448,3348,7,4,1000,198.92
3449,3349,4,2,2134,119.89
3450,3350,6,7,6706,1687.22
3451,3351,10,3,321,72.13
3452,3352,4,3,3126,710.14
3453,3353,7,7,5446,697.21
3454,3354,3,1,1131,140.55
3455,3355,1,2,1946,141.75
3456,3356,10,7,6818,1348.26
3457,3357,8,7,2317,677.61
3458,3358,6,6,396,89.51
3459,3359,8,1,558,49.81
3460,3360,8,9,2034,593.13
3461,3361,2,8,6080,1171.93
3462,3362,6,2,1378,183.1
3463,3363,7,3,483,120.11
3464,3364,9,8,7864,1615.58
3465,3365,1,2,1268,141.76
3466,3366,1,6,3774,606.94
3467,3367,6,9,9090,727.64
3468,3368,4,5,3720,1077.21
3469,3369,8,8,8896,1825.26
3470,3370,2,4,3264,639.8
3471,3371,1,2,146,15.48
3472,3372,5,3,1683,129.64
3473,3373,4,7,6076,788.14
3474,3374,6,2,2388,492.54
3475,3375,8,6,882,180.63
3476,3376,10,3,3561,206.87
3477,3377,3,7,3395,350.26
3478,3378,8,6,3366,460.75
3479,3379,2,2,630,144.14
3480,3380,4,1,440,34.74
3481,3381,6,6,6462,1466.15
3482,3382,7,6,5004,1197.36
3483,3383,10,8,1840,461.21
3484,3384,3,7,4466,763.14
3485,3385,3,6,3048,823.36
3486,3386,2,7,4977,516.7
3487,3387,9,3,2010,387.31
3488,3388,4,8,5352,1133.57
3489,3389,4,4,4136,294.21
3490,3390,4,8,6336,439.42
3491,3391,10,9,5481,1540.75
3492,3392,4,6,6366,318.97
3493,3393,1,1,623,81.24
3494,3394,2,3,237,49.94
3495,3395,9,9,8370,1525.8
3496,3396,5,5,4965,774.74
3497,3397,4,7,7791,1844.69
3498,3398,8,1,158,32.89
3499,3399,9,7,4347,712.79
3500,3400,8,4,3364,527.28
3501,3401,4,3,1098,77.81
3502,3402,5,3,1083,257.44
3503,3403,10,4,1628,314.96
3504,3404,9,4,1472,387.27
3505,3405,1,9,3753,1114.87
3506,3406,7,6,6402,1602.79
3507,3407,7,3,2565,510.73
3508,3408,2,3,2214,127.34
3509,3409,7,3,975,291.81
3510,3410,1,8,3312,854.12
3511,3411,1,1,267,41.85
3512,3412,8,9,8145,2384.42
3513,3413,1,1,232,34.26
3514,3414,8,3,300,38.44
3515,3415,7,2,2248,473.21
3516,3416,7,6,1614,166.62
3517,3417,7,2,1476,195.74
3518,3418,1,5,4375,347.43
3519,3419,6,4,1064,263.48
3520,3420,5,6,1068,190.77
3521,3421,9,1,190,27.43
3522,3422,1,7,7868,862.38
3523,3423,9,3,1239,143.35
3524,3424,7,2,1394,408.32
3525,3425,8,5,2060,403.19
3526,3426,10,1,1060,57.26
3527,3427,7,7,7812,1478.43
3528,3428,4,7,7077,804.15
3529,3429,8,7,5712,929.42
3530,3430,1,6,4146,966.79
3531,3431,3,2,992,238.18
3532,3432,6,2,1756,165.6
3533,3433,7,4,3632,566.81
3534,3434,5,4,3912,550.09
3535,3435,1,9,3123,741.23
3536,3436,1,4,700,120.19
3537,3437,3,8,408,83.16
3538,3438,8,4,4056,768.81
3539,3439,10,1,770,121.75
3540,3440,6,3,531,73.35
3541,3441,7,5,280,79.77
3542,3442,10,7,4550,892.73
3543,3443,6,5,2480,601.66
3544,3444,1,6,2604,305.73
3545,3445,9,7,1351,310.03
3546,3446,7,5,4615,251
3547,3447,2,1,829,165.05
3548,3448,4,3,177,43.41
3549,3449,5,1,1086,161.05
3550,3450,10,5,275,64.9
3551,3451,2,1,564,164.5
3552,3452,9,2,684,71.39
3553,3453,10,4,2656,687.63
3554,3454,10,5,1190,346.79
3555,3455,1,6,4854,510.88
3556,3456,1,5,1060,217.96
3557,3457,10,3,1527,364.05
3558,3458,2,4,1168,177.54
3559,3459,3,8,6328,1257.81
3560,3460,8,3,2193,477.95
3561,3461,6,8,7600,1099.88
3562,3462,1,9,1764,322.11
3563,3463,9,2,1270,84.29
3564,3464,3,1,607,33.77
3565,3465,2,2,1672,469.64
3566,3466,9,6,5718,1358.26
3567,3467,5,8,584,107.27
3568,3468,4,7,7455,966.64
3569,3469,9,7,7679,2270.08
3570,3470,3,7,847,154.05
3571,3471,2,3,1278,178.78
3572,3472,9,8,6592,1024.82
3573,3473,7,8,3544,454.14
3574,3474,4,3,1959,274.27
3575,3475,2,6,3384,924.03
3576,3476,8,1,307,50.2
3577,3477,4,9,10017,1468.72
3578,3478,3,7,7931,504.39
3579,3479,10,2,1168,198.4
3580,3480,8,9,9765,909.99
3581,3481,3,8,1456,271.26
3582,3482,8,5,950,61.9
3583,3483,6,2,2314,600.76
3584,3484,6,1,915,264.3
3585,3485,10,1,290,61.14
3586,3486,3,7,3584,940.88
3587,3487,2,6,1254,205.57
3588,3488,10,5,2410,636.83
3589,3489,1,2,800,118.68
3590,3490,6,5,990,87.61
3591,3491,10,9,9702,2771.49
3592,3492,9,8,5888,354.27
3593,3493,3,4,1768,345.33
3594,3494,5,2,1022,76.04
3595,3495,3,3,2883,671.91
3596,3496,7,4,4064,771.16
3597,3497,7,1,1117,119.89
3598,3498,10,4,260,66.02
3599,3499,1,3,222,50.28
3600,3500,6,9,10530,1777.32
